

CREATE TABLE `Care_Team_Member_Performance` (
  `id` int NOT NULL AUTO_INCREMENT,
  `care_team_member_id` int NOT NULL,
  `patient_engagement_score` int NOT NULL,
  `coordination_score` int NOT NULL,
  `clinical_score` int NOT NULL,
  `patient_case_load` int NOT NULL,
  `patient_intervention_load` int NOT NULL,
  `created_at` timestamp NOT NULL DEFAULT CURRENT_TIMESTAMP,
  `modified_at` timestamp NOT NULL DEFAULT CURRENT_TIMESTAMP,
  PRIMARY KEY (`id`)
) ENGINE=InnoDB AUTO_INCREMENT=4 DEFAULT CHARSET=utf8mb4 COLLATE=utf8mb4_0900_ai_ci;


INSERT INTO Care_Team_Member_Performance VALUES
("1","1","95","98","94","321","12","2020-12-14 19:00:16","2020-12-14 19:00:16"),
("2","2","92","86","87","503","21","2020-12-14 19:00:16","2020-12-14 19:00:16"),
("3","3","97","88","92","345","18","2020-12-14 19:00:16","2020-12-14 19:00:16");




CREATE TABLE `Care_Team_Member_Profession` (
  `id` int NOT NULL AUTO_INCREMENT,
  `short_name` varchar(15) NOT NULL,
  `description` varchar(50) NOT NULL,
  `created_at` timestamp NOT NULL DEFAULT CURRENT_TIMESTAMP,
  `modified_at` timestamp NOT NULL DEFAULT CURRENT_TIMESTAMP,
  PRIMARY KEY (`id`)
) ENGINE=InnoDB AUTO_INCREMENT=9 DEFAULT CHARSET=utf8mb4 COLLATE=utf8mb4_0900_ai_ci;


INSERT INTO Care_Team_Member_Profession VALUES
("1","RN","Registered Nurse","2020-12-14 19:00:14","2020-12-14 19:00:14"),
("2","PharmD","Pharmacist","2020-12-14 19:00:14","2020-12-14 19:00:14"),
("3","LPN","Licensed Practical Nurse","2020-12-14 19:00:14","2020-12-14 19:00:14"),
("4","MA","Medical Assistant","2020-12-14 19:00:14","2020-12-14 19:00:14"),
("5","NP","Nurse Practitioner","2020-12-14 19:00:14","2020-12-14 19:00:14"),
("6","MD","Doctor of Medicine","2020-12-14 19:00:14","2020-12-14 19:00:14"),
("7","DO","Doctor of Osteopathic Medicine","2020-12-14 19:00:14","2020-12-14 19:00:14"),
("8","PA","Physicians Assistant","2020-12-14 19:00:14","2020-12-14 19:00:14");




CREATE TABLE `Care_Team_Member_Profile` (
  `id` int NOT NULL AUTO_INCREMENT,
  `government_id` varchar(15) NOT NULL,
  `profession_id` int NOT NULL,
  `first_name` varchar(50) NOT NULL,
  `middle_name` varchar(50) DEFAULT NULL,
  `last_name` varchar(50) NOT NULL,
  `dob` datetime NOT NULL,
  `gender` varchar(10) NOT NULL,
  `phone_number` varchar(15) NOT NULL,
  `email` varchar(50) NOT NULL,
  `created_at` timestamp NOT NULL DEFAULT CURRENT_TIMESTAMP,
  `modified_at` timestamp NOT NULL DEFAULT CURRENT_TIMESTAMP,
  PRIMARY KEY (`id`)
) ENGINE=InnoDB AUTO_INCREMENT=10 DEFAULT CHARSET=utf8mb4 COLLATE=utf8mb4_0900_ai_ci;


INSERT INTO Care_Team_Member_Profile VALUES
("1","101","1","Suzie ","","Roberts","1985-02-07 00:00:00","female","6109874723","suzie@lumi.health","2020-12-14 19:00:15","2020-12-14 19:00:15"),
("2","102","2","Daniel ","","Poe","1957-04-25 00:00:00","male","7129837821","daniel@lumi.health","2020-12-14 19:00:15","2020-12-14 19:00:15"),
("3","103","1","Alice","","Marple","1977-09-15 00:00:00","female","4842918495","alice@hearthospital.edu","2020-12-14 19:00:15","2020-12-14 19:00:15"),
("4","98739471642","6","Tom ","","Keyes","1960-02-15 00:00:00","male","2129403718","drtom@cardio.com","2020-12-14 19:00:15","2020-12-14 19:00:15"),
("5","93756836710","6","Yang ","","Zhin","1969-05-18 00:00:00","male","2121748938","zhin@pcp.com","2020-12-14 19:00:15","2020-12-14 19:00:15"),
("6","54617284715","7","Barbara","","Keen","1973-08-04 00:00:00","female","5164837657","bkeen@pcp.com","2020-12-14 19:00:15","2020-12-14 19:00:15"),
("7","73548592618","6","Nancy ","","Gilbert","1970-04-09 00:00:00","female","5169274672","drgilbert@cardio.com","2020-12-14 19:00:15","2020-12-14 19:00:15"),
("8","83726374658","6","Harry","","Winter","1961-03-11 00:00:00","male","5169420473","drwinter@cardio.com","2020-12-14 19:00:15","2020-12-14 19:00:15"),
("9","87362816374","6","Lin","","Chang","1962-12-22 00:00:00","female","2128476374","lchang@pcp.com","2020-12-14 19:00:15","2020-12-14 19:00:15");




CREATE TABLE `Care_Team_Relationship` (
  `id` int NOT NULL AUTO_INCREMENT,
  `relationship_description` varchar(50) NOT NULL,
  `created_at` timestamp NOT NULL DEFAULT CURRENT_TIMESTAMP,
  `modified_at` timestamp NOT NULL DEFAULT CURRENT_TIMESTAMP,
  PRIMARY KEY (`id`)
) ENGINE=InnoDB AUTO_INCREMENT=6 DEFAULT CHARSET=utf8mb4 COLLATE=utf8mb4_0900_ai_ci;


INSERT INTO Care_Team_Relationship VALUES
("1","Care Quarterback","2020-12-14 19:00:12","2020-12-14 19:00:12"),
("2","Device Manager","2020-12-14 19:00:12","2020-12-14 19:00:12"),
("3","PCP","2020-12-14 19:00:12","2020-12-14 19:00:12"),
("4","Cardiologist","2020-12-14 19:00:12","2020-12-14 19:00:12"),
("5","Clinical Pharmacist","2020-12-14 19:00:12","2020-12-14 19:00:12");




CREATE TABLE `Intervention_Codes` (
  `id` int NOT NULL AUTO_INCREMENT,
  `name` text NOT NULL,
  `created_at` timestamp NOT NULL DEFAULT CURRENT_TIMESTAMP,
  `modified_at` timestamp NOT NULL DEFAULT CURRENT_TIMESTAMP,
  PRIMARY KEY (`id`)
) ENGINE=InnoDB AUTO_INCREMENT=3 DEFAULT CHARSET=utf8mb4 COLLATE=utf8mb4_0900_ai_ci;


INSERT INTO Intervention_Codes VALUES
("1","BP Alert","2020-12-14 19:00:16","2020-12-14 19:00:16"),
("2","Weight Alert ","2020-12-14 19:00:16","2020-12-14 19:00:16");




CREATE TABLE `Interventions` (
  `id` int NOT NULL AUTO_INCREMENT,
  `lumi_patient_id` int NOT NULL,
  `care_team_member_id` int NOT NULL,
  `intervention_code_id` int NOT NULL,
  `patient_device_id` int NOT NULL,
  `priority` int NOT NULL,
  `is_complete` tinyint(1) NOT NULL,
  `due_date` datetime NOT NULL,
  `estimated_time` int NOT NULL,
  `created_at` timestamp NOT NULL DEFAULT CURRENT_TIMESTAMP,
  `modified_at` timestamp NOT NULL DEFAULT CURRENT_TIMESTAMP,
  PRIMARY KEY (`id`)
) ENGINE=InnoDB AUTO_INCREMENT=26 DEFAULT CHARSET=utf8mb4 COLLATE=utf8mb4_0900_ai_ci;


INSERT INTO Interventions VALUES
("1","2","1","1","3","1","0","2020-12-13 00:00:00","30","2020-12-14 19:00:16","2020-12-14 19:00:16"),
("2","3","1","1","4","1","0","2020-12-13 00:00:00","30","2020-12-14 19:00:16","2020-12-14 19:00:16"),
("3","1","1","1","16","1","0","2020-12-13 00:00:00","30","2020-12-14 19:00:16","2020-12-14 19:00:16"),
("4","20","1","2","75","1","0","2020-12-13 00:00:00","20","2020-12-14 19:00:16","2020-12-14 19:00:16"),
("5","10","1","2","93","1","0","2020-12-13 00:00:00","20","2020-12-14 19:00:16","2020-12-14 19:00:16"),
("6","5","1","2","95","1","0","2020-12-13 00:00:00","20","2020-12-14 19:00:16","2020-12-14 19:00:16"),
("7","27","1","2","97","1","0","2020-12-13 00:00:00","20","2020-12-14 19:00:16","2020-12-14 19:00:16"),
("8","22","1","1","2","2","0","2020-12-13 00:00:00","30","2020-12-14 19:00:16","2020-12-14 19:00:16"),
("9","21","1","1","8","2","0","2020-12-13 00:00:00","30","2020-12-14 19:00:16","2020-12-14 19:00:16"),
("10","4","1","1","10","2","0","2020-12-13 00:00:00","20","2020-12-14 19:00:16","2020-12-14 19:00:16"),
("11","25","1","1","12","2","0","2020-12-13 00:00:00","30","2020-12-14 19:00:16","2020-12-14 19:00:16"),
("12","2","1","2","73","2","0","2020-12-14 00:00:00","20","2020-12-14 19:00:16","2020-12-14 19:00:16"),
("13","4","1","2","78","2","0","2020-12-13 00:00:00","20","2020-12-14 19:00:16","2020-12-14 19:00:16"),
("14","18","1","2","79","2","0","2020-12-13 00:00:00","20","2020-12-14 19:00:16","2020-12-14 19:00:16"),
("15","7","1","2","81","2","0","2020-12-13 00:00:00","20","2020-12-14 19:00:16","2020-12-14 19:00:16"),
("16","6","1","2","90","2","0","2020-12-13 00:00:00","20","2020-12-14 19:00:16","2020-12-14 19:00:16"),
("17","15","1","1","9","3","0","2020-12-14 00:00:00","30","2020-12-14 19:00:16","2020-12-14 19:00:16"),
("18","19","1","1","38","3","0","2020-12-14 00:00:00","30","2020-12-14 19:00:16","2020-12-14 19:00:16"),
("19","11","1","1","39","3","0","2020-12-14 00:00:00","30","2020-12-14 19:00:16","2020-12-14 19:00:16"),
("20","25","1","2","80","3","0","2020-12-14 00:00:00","20","2020-12-14 19:00:16","2020-12-14 19:00:16"),
("21","1","1","2","82","3","0","2020-12-14 00:00:00","20","2020-12-14 19:00:16","2020-12-14 19:00:16"),
("22","13","1","2","83","3","0","2020-12-14 00:00:00","20","2020-12-14 19:00:16","2020-12-14 19:00:16"),
("23","9","1","2","85","3","0","2020-12-14 00:00:00","20","2020-12-14 19:00:16","2020-12-14 19:00:16"),
("24","12","1","2","86","3","0","2020-12-14 00:00:00","20","2020-12-14 19:00:16","2020-12-14 19:00:16"),
("25","8","1","2","87","3","0","2020-12-14 00:00:00","20","2020-12-14 19:00:16","2020-12-14 19:00:16");




CREATE TABLE `Interventions_History` (
  `id` int NOT NULL AUTO_INCREMENT,
  `care_team_member_id` int NOT NULL,
  `priority` int NOT NULL,
  `due_date` datetime NOT NULL,
  `estimated_time` int NOT NULL,
  `created_at` timestamp NOT NULL DEFAULT CURRENT_TIMESTAMP,
  `modified_at` timestamp NOT NULL DEFAULT CURRENT_TIMESTAMP,
  PRIMARY KEY (`id`)
) ENGINE=InnoDB DEFAULT CHARSET=utf8mb4 COLLATE=utf8mb4_0900_ai_ci;






CREATE TABLE `Patient_Care_Plan` (
  `id` int NOT NULL AUTO_INCREMENT,
  `lumi_patient_id` int NOT NULL,
  `target_weight_lbs` decimal(10,0) NOT NULL,
  `target_bmi` decimal(10,0) NOT NULL,
  `target_diastolic_value` int NOT NULL,
  `target_systolic_value` int NOT NULL,
  `created_at` timestamp NOT NULL DEFAULT CURRENT_TIMESTAMP,
  `modified_at` timestamp NOT NULL DEFAULT CURRENT_TIMESTAMP,
  PRIMARY KEY (`id`)
) ENGINE=InnoDB DEFAULT CHARSET=utf8mb4 COLLATE=utf8mb4_0900_ai_ci;






CREATE TABLE `Patient_Care_Team` (
  `id` int NOT NULL AUTO_INCREMENT,
  `lumi_patient_id` int NOT NULL,
  `care_team_member_id` int NOT NULL,
  `relationship_type_id` int NOT NULL,
  `is_current` tinyint(1) NOT NULL,
  `created_at` timestamp NOT NULL DEFAULT CURRENT_TIMESTAMP,
  `modified_at` timestamp NOT NULL DEFAULT CURRENT_TIMESTAMP,
  PRIMARY KEY (`id`,`lumi_patient_id`)
) ENGINE=InnoDB AUTO_INCREMENT=245 DEFAULT CHARSET=utf8mb4 COLLATE=utf8mb4_0900_ai_ci;


INSERT INTO Patient_Care_Team VALUES
("1","1","1","1","1","2020-12-14 19:00:15","2020-12-14 19:00:15"),
("2","2","1","1","1","2020-12-14 19:00:15","2020-12-14 19:00:15"),
("3","3","1","1","1","2020-12-14 19:00:15","2020-12-14 19:00:15"),
("4","4","1","1","1","2020-12-14 19:00:15","2020-12-14 19:00:15"),
("5","5","1","1","1","2020-12-14 19:00:15","2020-12-14 19:00:15"),
("6","6","1","1","1","2020-12-14 19:00:15","2020-12-14 19:00:15"),
("7","7","1","1","1","2020-12-14 19:00:15","2020-12-14 19:00:15"),
("8","8","1","1","1","2020-12-14 19:00:15","2020-12-14 19:00:15"),
("9","9","1","1","1","2020-12-14 19:00:15","2020-12-14 19:00:15"),
("10","10","1","1","1","2020-12-14 19:00:15","2020-12-14 19:00:15"),
("11","11","1","1","1","2020-12-14 19:00:15","2020-12-14 19:00:15"),
("12","12","1","1","1","2020-12-14 19:00:15","2020-12-14 19:00:15"),
("13","13","1","1","1","2020-12-14 19:00:15","2020-12-14 19:00:15"),
("14","14","1","1","1","2020-12-14 19:00:15","2020-12-14 19:00:15"),
("15","15","1","1","1","2020-12-14 19:00:15","2020-12-14 19:00:15"),
("16","16","1","1","1","2020-12-14 19:00:15","2020-12-14 19:00:15"),
("17","17","1","1","1","2020-12-14 19:00:15","2020-12-14 19:00:15"),
("18","18","1","1","1","2020-12-14 19:00:15","2020-12-14 19:00:15"),
("19","19","1","1","1","2020-12-14 19:00:15","2020-12-14 19:00:15"),
("20","20","1","1","1","2020-12-14 19:00:15","2020-12-14 19:00:15"),
("21","21","1","1","1","2020-12-14 19:00:15","2020-12-14 19:00:15"),
("22","22","1","1","1","2020-12-14 19:00:15","2020-12-14 19:00:15"),
("23","23","1","1","1","2020-12-14 19:00:15","2020-12-14 19:00:15"),
("24","24","1","1","1","2020-12-14 19:00:15","2020-12-14 19:00:15"),
("25","25","1","1","1","2020-12-14 19:00:15","2020-12-14 19:00:15"),
("26","26","1","1","1","2020-12-14 19:00:15","2020-12-14 19:00:15"),
("27","27","1","1","1","2020-12-14 19:00:15","2020-12-14 19:00:15"),
("28","1","2","5","1","2020-12-14 19:00:15","2020-12-14 19:00:15"),
("29","2","2","5","1","2020-12-14 19:00:15","2020-12-14 19:00:15"),
("30","3","2","5","1","2020-12-14 19:00:15","2020-12-14 19:00:15"),
("31","4","2","5","1","2020-12-14 19:00:15","2020-12-14 19:00:15"),
("32","5","2","5","1","2020-12-14 19:00:15","2020-12-14 19:00:15"),
("33","6","2","5","1","2020-12-14 19:00:15","2020-12-14 19:00:15"),
("34","7","2","5","1","2020-12-14 19:00:15","2020-12-14 19:00:15"),
("35","8","2","5","1","2020-12-14 19:00:15","2020-12-14 19:00:15"),
("36","9","2","5","1","2020-12-14 19:00:15","2020-12-14 19:00:15"),
("37","10","2","5","1","2020-12-14 19:00:15","2020-12-14 19:00:15"),
("38","11","2","5","1","2020-12-14 19:00:15","2020-12-14 19:00:15"),
("39","12","2","5","1","2020-12-14 19:00:15","2020-12-14 19:00:15"),
("40","13","2","5","1","2020-12-14 19:00:15","2020-12-14 19:00:15"),
("41","14","2","5","1","2020-12-14 19:00:15","2020-12-14 19:00:15"),
("42","15","2","5","1","2020-12-14 19:00:15","2020-12-14 19:00:15"),
("43","16","2","5","1","2020-12-14 19:00:15","2020-12-14 19:00:15"),
("44","17","2","5","1","2020-12-14 19:00:15","2020-12-14 19:00:15"),
("45","18","2","5","1","2020-12-14 19:00:15","2020-12-14 19:00:15"),
("46","19","2","5","1","2020-12-14 19:00:15","2020-12-14 19:00:15"),
("47","20","2","5","1","2020-12-14 19:00:15","2020-12-14 19:00:15"),
("48","21","2","5","1","2020-12-14 19:00:15","2020-12-14 19:00:15"),
("49","22","2","5","1","2020-12-14 19:00:15","2020-12-14 19:00:15"),
("50","23","2","5","1","2020-12-14 19:00:15","2020-12-14 19:00:15"),
("51","24","2","5","1","2020-12-14 19:00:15","2020-12-14 19:00:15"),
("52","25","2","5","1","2020-12-14 19:00:15","2020-12-14 19:00:15"),
("53","26","2","5","1","2020-12-14 19:00:15","2020-12-14 19:00:15"),
("54","27","2","5","1","2020-12-14 19:00:15","2020-12-14 19:00:15"),
("55","1","4","4","1","2020-12-14 19:00:15","2020-12-14 19:00:15"),
("56","2","4","4","1","2020-12-14 19:00:15","2020-12-14 19:00:15"),
("57","3","4","4","1","2020-12-14 19:00:15","2020-12-14 19:00:15"),
("58","4","4","4","1","2020-12-14 19:00:15","2020-12-14 19:00:15"),
("59","5","4","4","1","2020-12-14 19:00:15","2020-12-14 19:00:15"),
("60","6","4","4","1","2020-12-14 19:00:15","2020-12-14 19:00:15"),
("61","7","4","4","1","2020-12-14 19:00:15","2020-12-14 19:00:15"),
("62","8","4","4","1","2020-12-14 19:00:15","2020-12-14 19:00:15"),
("63","9","4","4","1","2020-12-14 19:00:15","2020-12-14 19:00:15"),
("64","10","4","4","1","2020-12-14 19:00:15","2020-12-14 19:00:15"),
("65","11","7","4","1","2020-12-14 19:00:15","2020-12-14 19:00:15"),
("66","12","7","4","1","2020-12-14 19:00:15","2020-12-14 19:00:15"),
("67","13","7","4","1","2020-12-14 19:00:15","2020-12-14 19:00:15"),
("68","14","7","4","1","2020-12-14 19:00:15","2020-12-14 19:00:15"),
("69","15","7","4","1","2020-12-14 19:00:15","2020-12-14 19:00:15"),
("70","16","7","4","1","2020-12-14 19:00:15","2020-12-14 19:00:15"),
("71","17","7","4","1","2020-12-14 19:00:15","2020-12-14 19:00:15"),
("72","18","7","4","1","2020-12-14 19:00:15","2020-12-14 19:00:15"),
("73","19","7","4","1","2020-12-14 19:00:15","2020-12-14 19:00:15"),
("74","20","7","4","1","2020-12-14 19:00:15","2020-12-14 19:00:15"),
("75","21","7","4","1","2020-12-14 19:00:15","2020-12-14 19:00:15"),
("76","22","8","4","1","2020-12-14 19:00:15","2020-12-14 19:00:15"),
("77","23","8","4","1","2020-12-14 19:00:15","2020-12-14 19:00:15"),
("78","24","8","4","1","2020-12-14 19:00:15","2020-12-14 19:00:15"),
("79","25","8","4","1","2020-12-14 19:00:15","2020-12-14 19:00:15"),
("80","26","8","4","1","2020-12-14 19:00:15","2020-12-14 19:00:15"),
("81","27","8","4","1","2020-12-14 19:00:15","2020-12-14 19:00:15"),
("82","1","5","3","1","2020-12-14 19:00:15","2020-12-14 19:00:15"),
("83","2","5","3","1","2020-12-14 19:00:15","2020-12-14 19:00:15"),
("84","3","5","3","1","2020-12-14 19:00:15","2020-12-14 19:00:15"),
("85","4","5","3","1","2020-12-14 19:00:15","2020-12-14 19:00:15"),
("86","5","5","3","1","2020-12-14 19:00:15","2020-12-14 19:00:15"),
("87","6","5","3","1","2020-12-14 19:00:15","2020-12-14 19:00:15"),
("88","7","5","3","1","2020-12-14 19:00:15","2020-12-14 19:00:15"),
("89","8","6","3","1","2020-12-14 19:00:15","2020-12-14 19:00:15"),
("90","9","6","3","1","2020-12-14 19:00:15","2020-12-14 19:00:15"),
("91","10","6","3","1","2020-12-14 19:00:15","2020-12-14 19:00:15"),
("92","11","6","3","1","2020-12-14 19:00:15","2020-12-14 19:00:15"),
("93","12","6","3","1","2020-12-14 19:00:15","2020-12-14 19:00:15"),
("94","13","6","3","1","2020-12-14 19:00:15","2020-12-14 19:00:15"),
("95","14","6","3","1","2020-12-14 19:00:15","2020-12-14 19:00:15"),
("96","15","6","3","1","2020-12-14 19:00:15","2020-12-14 19:00:15"),
("97","16","6","3","1","2020-12-14 19:00:15","2020-12-14 19:00:15"),
("98","17","6","3","1","2020-12-14 19:00:15","2020-12-14 19:00:15"),
("99","18","9","3","1","2020-12-14 19:00:15","2020-12-14 19:00:15"),
("100","19","9","3","1","2020-12-14 19:00:15","2020-12-14 19:00:15");
INSERT INTO Patient_Care_Team VALUES
("101","20","9","3","1","2020-12-14 19:00:15","2020-12-14 19:00:15"),
("102","21","9","3","1","2020-12-14 19:00:15","2020-12-14 19:00:15"),
("103","22","9","3","1","2020-12-14 19:00:15","2020-12-14 19:00:15"),
("104","23","9","3","1","2020-12-14 19:00:15","2020-12-14 19:00:15"),
("105","24","9","3","1","2020-12-14 19:00:15","2020-12-14 19:00:15"),
("106","25","5","3","1","2020-12-14 19:00:15","2020-12-14 19:00:15"),
("107","26","5","3","1","2020-12-14 19:00:15","2020-12-14 19:00:15"),
("108","27","5","3","1","2020-12-14 19:00:15","2020-12-14 19:00:15"),
("109","28","1","1","1","2020-12-14 19:00:15","2020-12-14 19:00:15"),
("110","29","1","1","1","2020-12-14 19:00:15","2020-12-14 19:00:15"),
("111","30","1","1","1","2020-12-14 19:00:15","2020-12-14 19:00:15"),
("112","31","1","1","1","2020-12-14 19:00:15","2020-12-14 19:00:15"),
("113","32","1","1","1","2020-12-14 19:00:15","2020-12-14 19:00:15"),
("114","33","1","1","1","2020-12-14 19:00:15","2020-12-14 19:00:15"),
("115","34","1","1","1","2020-12-14 19:00:15","2020-12-14 19:00:15"),
("116","35","1","1","1","2020-12-14 19:00:15","2020-12-14 19:00:15"),
("117","36","1","1","1","2020-12-14 19:00:15","2020-12-14 19:00:15"),
("118","37","1","1","1","2020-12-14 19:00:15","2020-12-14 19:00:15"),
("119","38","1","1","1","2020-12-14 19:00:15","2020-12-14 19:00:15"),
("120","39","1","1","1","2020-12-14 19:00:15","2020-12-14 19:00:15"),
("121","40","1","1","1","2020-12-14 19:00:15","2020-12-14 19:00:15"),
("122","41","1","1","1","2020-12-14 19:00:15","2020-12-14 19:00:15"),
("123","42","1","1","1","2020-12-14 19:00:15","2020-12-14 19:00:15"),
("124","43","1","1","1","2020-12-14 19:00:15","2020-12-14 19:00:15"),
("125","44","1","1","1","2020-12-14 19:00:15","2020-12-14 19:00:15"),
("126","45","1","1","1","2020-12-14 19:00:15","2020-12-14 19:00:15"),
("127","46","1","1","1","2020-12-14 19:00:15","2020-12-14 19:00:15"),
("128","47","1","1","1","2020-12-14 19:00:15","2020-12-14 19:00:15"),
("129","48","1","1","1","2020-12-14 19:00:15","2020-12-14 19:00:15"),
("130","49","1","1","1","2020-12-14 19:00:15","2020-12-14 19:00:15"),
("131","50","1","1","1","2020-12-14 19:00:15","2020-12-14 19:00:15"),
("132","51","1","1","1","2020-12-14 19:00:15","2020-12-14 19:00:15"),
("133","52","1","1","1","2020-12-14 19:00:15","2020-12-14 19:00:15"),
("134","53","1","1","1","2020-12-14 19:00:15","2020-12-14 19:00:15"),
("135","54","1","1","1","2020-12-14 19:00:15","2020-12-14 19:00:15"),
("136","55","1","1","1","2020-12-14 19:00:15","2020-12-14 19:00:15"),
("137","56","1","1","1","2020-12-14 19:00:15","2020-12-14 19:00:15"),
("138","57","1","1","1","2020-12-14 19:00:15","2020-12-14 19:00:15"),
("139","58","1","1","1","2020-12-14 19:00:15","2020-12-14 19:00:15"),
("140","59","1","1","1","2020-12-14 19:00:15","2020-12-14 19:00:15"),
("141","60","1","1","1","2020-12-14 19:00:15","2020-12-14 19:00:15"),
("142","61","1","1","1","2020-12-14 19:00:15","2020-12-14 19:00:15"),
("143","62","1","1","1","2020-12-14 19:00:15","2020-12-14 19:00:15"),
("144","63","1","1","1","2020-12-14 19:00:15","2020-12-14 19:00:15"),
("145","64","1","1","1","2020-12-14 19:00:15","2020-12-14 19:00:15"),
("146","65","1","1","1","2020-12-14 19:00:15","2020-12-14 19:00:15"),
("147","66","1","1","1","2020-12-14 19:00:15","2020-12-14 19:00:15"),
("148","67","1","1","1","2020-12-14 19:00:15","2020-12-14 19:00:15"),
("149","68","1","1","1","2020-12-14 19:00:15","2020-12-14 19:00:15"),
("150","69","1","1","1","2020-12-14 19:00:15","2020-12-14 19:00:15"),
("151","70","1","1","1","2020-12-14 19:00:15","2020-12-14 19:00:15"),
("152","28","4","4","1","2020-12-14 19:00:15","2020-12-14 19:00:15"),
("153","29","4","4","1","2020-12-14 19:00:15","2020-12-14 19:00:15"),
("154","30","4","4","1","2020-12-14 19:00:15","2020-12-14 19:00:15"),
("155","31","4","4","1","2020-12-14 19:00:15","2020-12-14 19:00:15"),
("156","32","4","4","1","2020-12-14 19:00:15","2020-12-14 19:00:15"),
("157","33","4","4","1","2020-12-14 19:00:15","2020-12-14 19:00:15"),
("158","34","4","4","1","2020-12-14 19:00:15","2020-12-14 19:00:15"),
("159","35","4","4","1","2020-12-14 19:00:15","2020-12-14 19:00:15"),
("160","36","4","4","1","2020-12-14 19:00:15","2020-12-14 19:00:15"),
("161","37","4","4","1","2020-12-14 19:00:15","2020-12-14 19:00:15"),
("162","38","7","4","1","2020-12-14 19:00:15","2020-12-14 19:00:15"),
("163","39","7","4","1","2020-12-14 19:00:15","2020-12-14 19:00:15"),
("164","40","7","4","1","2020-12-14 19:00:15","2020-12-14 19:00:15"),
("165","41","7","4","1","2020-12-14 19:00:15","2020-12-14 19:00:15"),
("166","42","7","4","1","2020-12-14 19:00:15","2020-12-14 19:00:15"),
("167","43","7","4","1","2020-12-14 19:00:15","2020-12-14 19:00:15"),
("168","44","7","4","1","2020-12-14 19:00:15","2020-12-14 19:00:15"),
("169","45","7","4","1","2020-12-14 19:00:15","2020-12-14 19:00:15"),
("170","46","7","4","1","2020-12-14 19:00:15","2020-12-14 19:00:15"),
("171","47","7","4","1","2020-12-14 19:00:15","2020-12-14 19:00:15"),
("172","48","7","4","1","2020-12-14 19:00:15","2020-12-14 19:00:15"),
("173","49","8","4","1","2020-12-14 19:00:15","2020-12-14 19:00:15"),
("174","50","8","4","1","2020-12-14 19:00:15","2020-12-14 19:00:15"),
("175","51","8","4","1","2020-12-14 19:00:15","2020-12-14 19:00:15"),
("176","52","8","4","1","2020-12-14 19:00:15","2020-12-14 19:00:15"),
("177","53","8","4","1","2020-12-14 19:00:15","2020-12-14 19:00:15"),
("178","54","8","4","1","2020-12-14 19:00:15","2020-12-14 19:00:15"),
("179","55","4","4","1","2020-12-14 19:00:15","2020-12-14 19:00:15"),
("180","56","4","4","1","2020-12-14 19:00:15","2020-12-14 19:00:15"),
("181","57","4","4","1","2020-12-14 19:00:15","2020-12-14 19:00:15"),
("182","58","4","4","1","2020-12-14 19:00:15","2020-12-14 19:00:15"),
("183","59","4","4","1","2020-12-14 19:00:15","2020-12-14 19:00:15"),
("184","60","4","4","1","2020-12-14 19:00:15","2020-12-14 19:00:15"),
("185","61","4","4","1","2020-12-14 19:00:15","2020-12-14 19:00:15"),
("186","62","4","4","1","2020-12-14 19:00:15","2020-12-14 19:00:15"),
("187","63","4","4","1","2020-12-14 19:00:15","2020-12-14 19:00:15"),
("188","64","4","4","1","2020-12-14 19:00:15","2020-12-14 19:00:15"),
("189","65","7","4","1","2020-12-14 19:00:15","2020-12-14 19:00:15"),
("190","66","7","4","1","2020-12-14 19:00:15","2020-12-14 19:00:15"),
("191","67","7","4","1","2020-12-14 19:00:15","2020-12-14 19:00:15"),
("192","68","7","4","1","2020-12-14 19:00:15","2020-12-14 19:00:15"),
("193","69","7","4","1","2020-12-14 19:00:15","2020-12-14 19:00:15"),
("194","70","7","4","1","2020-12-14 19:00:15","2020-12-14 19:00:15"),
("195","28","2","5","1","2020-12-14 19:00:15","2020-12-14 19:00:15"),
("196","29","2","5","1","2020-12-14 19:00:15","2020-12-14 19:00:15"),
("197","30","2","5","1","2020-12-14 19:00:15","2020-12-14 19:00:15"),
("198","31","2","5","1","2020-12-14 19:00:15","2020-12-14 19:00:15"),
("199","32","2","5","1","2020-12-14 19:00:15","2020-12-14 19:00:15"),
("200","33","2","5","1","2020-12-14 19:00:15","2020-12-14 19:00:15");
INSERT INTO Patient_Care_Team VALUES
("201","34","2","5","1","2020-12-14 19:00:15","2020-12-14 19:00:15"),
("202","35","2","5","1","2020-12-14 19:00:15","2020-12-14 19:00:15"),
("203","36","2","5","1","2020-12-14 19:00:15","2020-12-14 19:00:15"),
("204","37","2","5","1","2020-12-14 19:00:15","2020-12-14 19:00:15"),
("205","38","2","5","1","2020-12-14 19:00:15","2020-12-14 19:00:15"),
("206","39","2","5","1","2020-12-14 19:00:15","2020-12-14 19:00:15"),
("207","40","2","5","1","2020-12-14 19:00:15","2020-12-14 19:00:15"),
("208","41","2","5","1","2020-12-14 19:00:15","2020-12-14 19:00:15"),
("209","42","2","5","1","2020-12-14 19:00:15","2020-12-14 19:00:15"),
("210","43","2","5","1","2020-12-14 19:00:15","2020-12-14 19:00:15"),
("211","44","2","5","1","2020-12-14 19:00:15","2020-12-14 19:00:15"),
("212","45","2","5","1","2020-12-14 19:00:15","2020-12-14 19:00:15"),
("213","46","2","5","1","2020-12-14 19:00:15","2020-12-14 19:00:15"),
("214","47","2","5","1","2020-12-14 19:00:15","2020-12-14 19:00:15"),
("215","48","2","5","1","2020-12-14 19:00:15","2020-12-14 19:00:15"),
("216","49","2","5","1","2020-12-14 19:00:15","2020-12-14 19:00:15"),
("217","50","2","5","1","2020-12-14 19:00:15","2020-12-14 19:00:15"),
("218","51","2","5","1","2020-12-14 19:00:15","2020-12-14 19:00:15"),
("219","52","2","5","1","2020-12-14 19:00:15","2020-12-14 19:00:15"),
("220","53","2","5","1","2020-12-14 19:00:15","2020-12-14 19:00:15"),
("221","54","2","5","1","2020-12-14 19:00:15","2020-12-14 19:00:15"),
("222","55","2","5","1","2020-12-14 19:00:15","2020-12-14 19:00:15"),
("223","56","2","5","1","2020-12-14 19:00:15","2020-12-14 19:00:15"),
("224","57","2","5","1","2020-12-14 19:00:15","2020-12-14 19:00:15"),
("225","58","2","5","1","2020-12-14 19:00:15","2020-12-14 19:00:15"),
("226","59","2","5","1","2020-12-14 19:00:15","2020-12-14 19:00:15"),
("227","60","2","5","1","2020-12-14 19:00:15","2020-12-14 19:00:15"),
("228","61","2","5","1","2020-12-14 19:00:15","2020-12-14 19:00:15"),
("229","62","2","5","1","2020-12-14 19:00:15","2020-12-14 19:00:15"),
("230","63","2","5","1","2020-12-14 19:00:15","2020-12-14 19:00:15"),
("231","64","2","5","1","2020-12-14 19:00:15","2020-12-14 19:00:15"),
("232","65","2","5","1","2020-12-14 19:00:15","2020-12-14 19:00:15"),
("233","66","2","5","1","2020-12-14 19:00:15","2020-12-14 19:00:15"),
("234","67","2","5","1","2020-12-14 19:00:15","2020-12-14 19:00:15"),
("235","68","2","5","1","2020-12-14 19:00:15","2020-12-14 19:00:15"),
("236","69","2","5","1","2020-12-14 19:00:15","2020-12-14 19:00:15"),
("237","70","2","5","1","2020-12-14 19:00:15","2020-12-14 19:00:15"),
("238","20","6","3","1","2020-12-14 19:00:15","2020-12-14 19:00:15"),
("239","10","9","3","1","2020-12-14 19:00:15","2020-12-14 19:00:15"),
("240","5","5","3","1","2020-12-14 19:00:15","2020-12-14 19:00:15"),
("241","27","6","3","1","2020-12-14 19:00:15","2020-12-14 19:00:15"),
("242","22","9","3","1","2020-12-14 19:00:15","2020-12-14 19:00:15"),
("243","21","5","3","1","2020-12-14 19:00:15","2020-12-14 19:00:15"),
("244","4","9","3","1","2020-12-14 19:00:15","2020-12-14 19:00:15");




CREATE TABLE `Patient_Demographic` (
  `lumi_patient_id` int NOT NULL AUTO_INCREMENT,
  `source_system_patient_id` bigint NOT NULL,
  `first_name` varchar(50) NOT NULL,
  `middle_name` varchar(50) DEFAULT NULL,
  `last_name` varchar(50) NOT NULL,
  `dob` datetime NOT NULL,
  `gender` varchar(10) NOT NULL,
  `primary_phone` varchar(15) NOT NULL,
  `primary_phone_type` varchar(15) NOT NULL,
  `secondary_phone` varchar(15) DEFAULT NULL,
  `secondary_phone_type` varchar(15) DEFAULT NULL,
  `created_at` timestamp NOT NULL DEFAULT CURRENT_TIMESTAMP,
  `modified_at` timestamp NOT NULL DEFAULT CURRENT_TIMESTAMP,
  PRIMARY KEY (`lumi_patient_id`,`source_system_patient_id`)
) ENGINE=InnoDB AUTO_INCREMENT=71 DEFAULT CHARSET=utf8mb4 COLLATE=utf8mb4_0900_ai_ci;


INSERT INTO Patient_Demographic VALUES
("1","18716584","Bob","","Smith","1952-05-10 00:00:00","Male","2122950914","Home","2129175520","Mobile","2020-12-14 19:00:10","2020-12-14 19:00:10"),
("2","1305657","Sam","","Meyer","1936-03-23 00:00:00","Male","2122004494","Home","5163043763","Home","2020-12-14 19:00:10","2020-12-14 19:00:10"),
("3","6461855","Shirley","","Mink","1942-06-22 00:00:00","Female","2122015158","Home","3474796206","Home","2020-12-14 19:00:10","2020-12-14 19:00:10"),
("4","16176855","Stella","","Jaze","1959-05-31 00:00:00","Female","2122025171","Home","5163143666","Home","2020-12-14 19:00:10","2020-12-14 19:00:10"),
("5","67112747","Demi","","Ingle","1950-12-03 00:00:00","Female","2122039818","Home","3474346546","Mobile","2020-12-14 19:00:10","2020-12-14 19:00:10"),
("6","49604359","Manish","","Lowe","1939-08-21 00:00:00","Male","2122043788","Home","3474461179","Home","2020-12-14 19:00:10","2020-12-14 19:00:10"),
("7","17663130","Katherine","","Coulson","1949-10-23 00:00:00","Female","2122058130","Mobile","2122226972","Home","2020-12-14 19:00:10","2020-12-14 19:00:10"),
("8","46124535","Enoch","","Davison","1945-07-27 00:00:00","Male","2122066187","Mobile","2122239041","Home","2020-12-14 19:00:10","2020-12-14 19:00:10"),
("9","34135660","Elena","","Hutchings","1947-05-24 00:00:00","Female","2122074348","Mobile","2122243479","Home","2020-12-14 19:00:10","2020-12-14 19:00:10"),
("10","5927363390","Quentin","","Noel","1938-09-27 00:00:00","Male","2122087332","Home","2122259216","Mobile","2020-12-14 19:00:10","2020-12-14 19:00:10"),
("11","49571768","Rachel ","","Nichols","1934-03-02 00:00:00","Female","2122094900","Home","2122267870","Mobile","2020-12-14 19:00:10","2020-12-14 19:00:10"),
("12","35146164","Rae","","Phelps","1932-04-25 00:00:00","Female","3155325134","Home","2122273068","Mobile","2020-12-14 19:00:10","2020-12-14 19:00:10"),
("13","25665127","Lucas","","Barclay","1925-09-11 00:00:00","Male","2122136290","Home","2122284690","Mobile","2020-12-14 19:00:10","2020-12-14 19:00:10"),
("14","66475115","Sierra","","Long","1955-06-21 00:00:00","Female","2122147800","Mobile","2122294171","Mobile","2020-12-14 19:00:10","2020-12-14 19:00:10"),
("15","15374326","Yousef","","Mclaughlin","1937-03-27 00:00:00","Male","2122156932","Home","2122301431","Mobile","2020-12-14 19:00:10","2020-12-14 19:00:10"),
("16","50543435","Maurice","","Mellor","1927-01-04 00:00:00","Female","2122161205","Home","2122315829","Mobile","2020-12-14 19:00:10","2020-12-14 19:00:10"),
("17","52205447","Conna","","Mayer","1950-04-23 00:00:00","Female","2122175442","Home","2122323082","Mobile","2020-12-14 19:00:10","2020-12-14 19:00:10"),
("18","16371744","Steven","","Atkinson","1920-03-08 00:00:00","Male","2122187852","Home","2122332092","Mobile","2020-12-14 19:00:10","2020-12-14 19:00:10"),
("19","46685359","Alexander","","Holden","1942-09-15 00:00:00","Male","2122197628","Mobile","2122347801","Mobile","2020-12-14 19:00:10","2020-12-14 19:00:10"),
("20","1136251900","Sadia","","Major","1964-03-26 00:00:00","Female","2122204391","Home","2122359793","Home","2020-12-14 19:00:10","2020-12-14 19:00:10"),
("21","12632142","Clarice","","Wicks","1948-07-23 00:00:00","Female","2122216816","Mobile","2122363948","Home","2020-12-14 19:00:10","2020-12-14 19:00:10"),
("22","12265165","Aaran","","Hurley","1962-10-03 00:00:00","Male","3155330670","Home","2122371914","Mobile","2020-12-14 19:00:10","2020-12-14 19:00:10"),
("23","64506712","Isabel","","Gill","1930-07-02 00:00:00","Female","5162996944","Home","3474477850","Mobile","2020-12-14 19:00:10","2020-12-14 19:00:10"),
("24","2776652","Luis","","Pate","1957-12-03 00:00:00","Male","3474786187","Mobile","3474731172","Home","2020-12-14 19:00:10","2020-12-14 19:00:10"),
("25","1729045","Ralph","","Mclellan","1956-05-18 00:00:00","Male","5163205433","Home","3474449490","Mobile","2020-12-14 19:00:10","2020-12-14 19:00:10"),
("26","89164592750","Jack","","Ryan","1985-04-10 00:00:00","Male ","3155378826","Mobile","3474708364","Mobile","2020-12-14 19:00:10","2020-12-14 19:00:10"),
("27","938729716","Akbar","","Khan","1978-05-14 00:00:00","Male","5163794327","Mobile","5162863450","Home","2020-12-14 19:00:10","2020-12-14 19:00:10"),
("28","234563952","Shivam","","Buchanan","1926-07-09 00:00:00","Male ","6734433343","Home","6700152499","Mobile","2020-12-14 19:00:10","2020-12-14 19:00:10"),
("29","5676034","Sylvie","","Francis","1927-04-20 00:00:00","Female","3585816560","Home","9548509565","Mobile","2020-12-14 19:00:10","2020-12-14 19:00:10"),
("30","94634239","Acacia","","Mcghee","1921-11-16 00:00:00","Female","6801493726","Home","6499537881","Mobile","2020-12-14 19:00:10","2020-12-14 19:00:10"),
("31","56924720472","Ellise","","Greenwood","1946-11-01 00:00:00","Female","8285125645","Home","5132863383","Mobile","2020-12-14 19:00:10","2020-12-14 19:00:10"),
("32","23908472","Devante","","King","1927-05-31 00:00:00","Male","6947140647","Home","9046953234","Mobile","2020-12-14 19:00:10","2020-12-14 19:00:10"),
("33","239076","Junior","","Portillo","1935-08-04 00:00:00","Male","7885424841","Home","7973948282","Mobile","2020-12-14 19:00:10","2020-12-14 19:00:10"),
("34","7453692","Javan","","Beard","1925-08-08 00:00:00","Male","5257392267","Home","2011268754","Mobile","2020-12-14 19:00:10","2020-12-14 19:00:10"),
("35","182698024","Muneeb","","Richardson","1953-08-09 00:00:00","Male","9105218953","Home","4975692407","Mobile","2020-12-14 19:00:10","2020-12-14 19:00:10"),
("36","115631879","Ella-May","","Mayer","1939-08-17 00:00:00","Female","8594612883","Home","5751923378","Mobile","2020-12-14 19:00:10","2020-12-14 19:00:10"),
("37","923443840","Wiktor","","Sanchez","1946-01-09 00:00:00","Male","8389239771","Home","6306920543","Mobile","2020-12-14 19:00:10","2020-12-14 19:00:10"),
("38","962346356","Kameron","","Seymour","1942-10-12 00:00:00","Female","1072388781","Home","4998505877","Mobile","2020-12-14 19:00:10","2020-12-14 19:00:10"),
("39","55829546","Iain","","Sawyer","1930-04-09 00:00:00","Male","1959594800","Home","8216981887","Mobile","2020-12-14 19:00:10","2020-12-14 19:00:10"),
("40","180059886","Declan","","Banks","1954-06-18 00:00:00","Male","8517713906","Home","1705814435","Mobile","2020-12-14 19:00:10","2020-12-14 19:00:10"),
("41","632444807","Dave","","Leach","1931-03-17 00:00:00","Male","6089822021","Home","3501739261","Mobile","2020-12-14 19:00:10","2020-12-14 19:00:10"),
("42","809681860","Phyllis","","Millar","1945-04-11 00:00:00","Female","3170698552","Home","3637702907","Mobile","2020-12-14 19:00:10","2020-12-14 19:00:10"),
("43","987967976","Jaime","","Everett","1953-05-10 00:00:00","Female","3363639970","Home","3464687935","Mobile","2020-12-14 19:00:10","2020-12-14 19:00:10"),
("44","956316786","Aditya","","Denton","1920-08-01 00:00:00","Female","6055002927","Home","3771305478","Mobile","2020-12-14 19:00:10","2020-12-14 19:00:10"),
("45","908917948","Karam","","Mccabe","1935-09-25 00:00:00","Male ","5057598063","Home","7643765040","Mobile","2020-12-14 19:00:10","2020-12-14 19:00:10"),
("46","985850872","Zoya","","Marquez","1947-04-06 00:00:00","Female","9674199092","Home","6749293824","Mobile","2020-12-14 19:00:10","2020-12-14 19:00:10"),
("47","294124332","Danial","","Downes","1932-04-29 00:00:00","Male","2001394743","Home","5009532923","Mobile","2020-12-14 19:00:10","2020-12-14 19:00:10"),
("48","919088472","Suranne","","Leon","1941-09-08 00:00:00","Female","5477837965","Home","7033187884","Mobile","2020-12-14 19:00:10","2020-12-14 19:00:10"),
("49","781693867","Ned","","Henry","1938-11-28 00:00:00","Male","6081683732","Home","4378381597","Mobile","2020-12-14 19:00:10","2020-12-14 19:00:10"),
("50","2340252352","Pascal","","Lin","1936-12-31 00:00:00","Male","3677645204","Mobile","8317713435","Home","2020-12-14 19:00:10","2020-12-14 19:00:10"),
("51","92735603","Sannah","","Arroyo","1945-03-06 00:00:00","Female","2187524169","Mobile","7431231757","Home","2020-12-14 19:00:10","2020-12-14 19:00:10"),
("52","34643572039","Saqib","","Wise","1948-04-08 00:00:00","Male","6119394015","Mobile","2950580484","Home","2020-12-14 19:00:10","2020-12-14 19:00:10"),
("53","209376236","Vladimir","","Silva","1936-03-05 00:00:00","Male","7712957898","Mobile","1189332897","Home","2020-12-14 19:00:10","2020-12-14 19:00:10"),
("54","230976203","Taslima","","Snider","1936-07-17 00:00:00","Female","2814182213","Mobile","7167276571","Home","2020-12-14 19:00:10","2020-12-14 19:00:10"),
("55","340586734","Ruby-May","","Kelly","1920-07-23 00:00:00","Female","5697456695","Mobile","5677495783","Home","2020-12-14 19:00:10","2020-12-14 19:00:10"),
("56","455794290","Paolo","","Duncan","1942-04-15 00:00:00","Male","7370237476","Mobile","6952599729","Home","2020-12-14 19:00:10","2020-12-14 19:00:10"),
("57","98294579","Suleman","","Bone","1941-09-02 00:00:00","Male","7289951928","Mobile","2127131208","Home","2020-12-14 19:00:10","2020-12-14 19:00:10"),
("58","381874597","Dani","","Aguilar","1923-03-19 00:00:00","Female","5106505979","Mobile","8356745335","Home","2020-12-14 19:00:10","2020-12-14 19:00:10"),
("59","540378980","Rose","","Matthams","1930-02-13 00:00:00","Female","5238038530","Mobile","2684903435","Home","2020-12-14 19:00:10","2020-12-14 19:00:10"),
("60","32246426","Loretta","","Macgregor","1930-08-31 00:00:00","Female","5935425997","Mobile","2108952203","Home","2020-12-14 19:00:10","2020-12-14 19:00:10"),
("61","552133382","Merlin","","Wilkerson","1937-12-31 00:00:00","Male","8002839363","Mobile","9215790794","Home","2020-12-14 19:00:10","2020-12-14 19:00:10"),
("62","677076956","Phillipa","","Hough","1920-02-25 00:00:00","Female","9600127436","Mobile","2708217061","Home","2020-12-14 19:00:10","2020-12-14 19:00:10"),
("63","217384","Gwion","","Weiss","1926-10-08 00:00:00","Female","7021940125","Mobile","1681112381","Home","2020-12-14 19:00:10","2020-12-14 19:00:10"),
("64","26872035","Nicolle","","Barry","1946-01-03 00:00:00","Female","2804471279","Mobile","5766415433","Home","2020-12-14 19:00:10","2020-12-14 19:00:10"),
("65","1137889","Shanna","","Dyer","1938-07-15 00:00:00","Female","5909545521","Mobile","9018751010","Home","2020-12-14 19:00:10","2020-12-14 19:00:10"),
("66","277720371","Jorge","","Britt","1950-07-12 00:00:00","Male","6654507140","Mobile","6960890545","Home","2020-12-14 19:00:10","2020-12-14 19:00:10"),
("67","735706997","Aidan","","Appleton","1946-05-28 00:00:00","Male","9951178282","Mobile","7760665270","Home","2020-12-14 19:00:10","2020-12-14 19:00:10"),
("68","737992700","Aya","","Wardle","1949-02-27 00:00:00","Female","3718717680","Mobile","1899982586","Home","2020-12-14 19:00:10","2020-12-14 19:00:10"),
("69","516062027","Axel","","Mcguire","1923-03-05 00:00:00","Male","6722904506","Mobile","4898658279","Home","2020-12-14 19:00:10","2020-12-14 19:00:10"),
("70","319152225","Avani","","Schultz","1950-05-02 00:00:00","Female","6606146539","Mobile","3879228370","Home","2020-12-14 19:00:10","2020-12-14 19:00:10");




CREATE TABLE `Patient_Device` (
  `id` int NOT NULL AUTO_INCREMENT,
  `lumi_patient_id` int NOT NULL,
  `type` varchar(50) NOT NULL,
  `manufactor` varchar(50) NOT NULL,
  `model` varchar(50) NOT NULL,
  `serial` varchar(50) NOT NULL,
  `ship_date` datetime DEFAULT NULL,
  `deliviered_date` datetime DEFAULT NULL,
  `activated_date` datetime DEFAULT NULL,
  `created_at` timestamp NOT NULL DEFAULT CURRENT_TIMESTAMP,
  `modified_at` timestamp NOT NULL DEFAULT CURRENT_TIMESTAMP,
  PRIMARY KEY (`id`,`type`)
) ENGINE=InnoDB AUTO_INCREMENT=98 DEFAULT CHARSET=utf8mb4 COLLATE=utf8mb4_0900_ai_ci;


INSERT INTO Patient_Device VALUES
("1","23","BP","US Devices Inc.","BPM-2020f","59DFB-26","2020-11-21 00:00:00","","","2020-12-14 19:00:11","2020-12-14 19:00:11"),
("2","22","BP","US Devices Inc.","BPM-2019d","79DFB-26","2020-09-25 00:00:00","2020-10-08 00:00:00","2020-10-14 00:00:00","2020-12-14 19:00:11","2020-12-14 19:00:11"),
("3","2","BP","US Devices Inc.","BPM-2019d","21DFB-26","2019-10-01 00:00:00","2019-10-10 00:00:00","2019-10-14 00:00:00","2020-12-14 19:00:11","2020-12-14 19:00:11"),
("4","3","BP","US Devices Inc.","BPM-2019d","198FG-264","2019-10-01 00:00:00","2019-10-10 00:00:00","2019-10-14 00:00:00","2020-12-14 19:00:11","2020-12-14 19:00:11"),
("5","20","BP","US Devices Inc.","BPM-2020f","23NFB-24","2020-09-09 00:00:00","2020-09-13 00:00:00","2020-09-14 00:00:00","2020-12-14 19:00:11","2020-12-14 19:00:11"),
("6","65","BP","US Devices Inc.","BPM-2020f","DK984764-642","2020-05-02 00:00:00","2020-05-12 00:00:00","2020-05-15 00:00:00","2020-12-14 19:00:11","2020-12-14 19:00:11"),
("7","36","BP","US Devices Inc.","BPM-2020f","RJ84777","2020-04-27 00:00:00","2020-05-05 00:00:00","2020-05-06 00:00:00","2020-12-14 19:00:11","2020-12-14 19:00:11"),
("8","21","BP","US Devices Inc.","BPM-2019d","93DFB-26","2020-09-25 00:00:00","2020-10-12 00:00:00","2020-10-12 00:00:00","2020-12-14 19:00:11","2020-12-14 19:00:11"),
("9","15","BP","US Devices Inc.","BPM-2019d","83DFB-65","2020-09-25 00:00:00","2020-10-12 00:00:00","2020-10-16 00:00:00","2020-12-14 19:00:11","2020-12-14 19:00:11"),
("10","4","BP","US Devices Inc.","BPM-2019d","19DFB-56","2020-10-01 00:00:00","2020-10-10 00:00:00","2020-10-18 00:00:00","2020-12-14 19:00:11","2020-12-14 19:00:11"),
("11","18","BP","US Devices Inc.","BPM-2019d","01DFB-26","2020-10-01 00:00:00","2020-10-10 00:00:00","2020-10-18 00:00:00","2020-12-14 19:00:11","2020-12-14 19:00:11"),
("12","25","BP","US Devices Inc.","BPM-2019d","84DFB-24","2019-10-01 00:00:00","2019-10-10 00:00:00","2019-10-14 00:00:00","2020-12-14 19:00:11","2020-12-14 19:00:11"),
("13","7","BP","US Devices Inc.","BPM-2019d","19DFB-26","2020-10-01 00:00:00","2020-10-10 00:00:00","2020-10-18 00:00:00","2020-12-14 19:00:11","2020-12-14 19:00:11"),
("14","40","BP","US Devices Inc.","BPM-2020f","DS152819","2020-04-11 00:00:00","2020-04-19 00:00:00","2020-04-20 00:00:00","2020-12-14 19:00:11","2020-12-14 19:00:11"),
("15","35","BP","US Devices Inc.","BPM-2020f","YB481979","2020-05-27 00:00:00","2020-06-04 00:00:00","2020-06-05 00:00:00","2020-12-14 19:00:11","2020-12-14 19:00:11"),
("16","1","BP","US Devices Inc.","BPM-2019d","65TFB-91","2019-10-01 00:00:00","2019-10-10 00:00:00","2019-10-18 00:00:00","2020-12-14 19:00:11","2020-12-14 19:00:11"),
("17","53","BP","US Devices Inc.","BPM-2020f","PA806193-544","2020-05-11 00:00:00","2020-05-21 00:00:00","2020-05-22 00:00:00","2020-12-14 19:00:11","2020-12-14 19:00:11"),
("18","63","BP","US Devices Inc.","BPM-2020f","KO75606-717","2020-05-14 00:00:00","2020-05-24 00:00:00","2020-05-27 00:00:00","2020-12-14 19:00:11","2020-12-14 19:00:11"),
("19","54","BP","US Devices Inc.","BPM-2020f","VR906998-689","2020-05-27 00:00:00","2020-06-06 00:00:00","2020-06-07 00:00:00","2020-12-14 19:00:11","2020-12-14 19:00:11"),
("20","50","BP","US Devices Inc.","BPM-2020f","IG373077-656","2020-05-03 00:00:00","2020-05-13 00:00:00","2020-05-14 00:00:00","2020-12-14 19:00:11","2020-12-14 19:00:11"),
("21","28","BP","US Devices Inc.","BPM-2020f","GJ867169","2020-05-19 00:00:00","2020-05-27 00:00:00","2020-05-28 00:00:00","2020-12-14 19:00:11","2020-12-14 19:00:11"),
("22","33","BP","US Devices Inc.","BPM-2020f","UV878047","2020-05-18 00:00:00","2020-05-26 00:00:00","2020-05-27 00:00:00","2020-12-14 19:00:11","2020-12-14 19:00:11"),
("23","32","BP","US Devices Inc.","BPM-2020f","MU417125","2020-04-16 00:00:00","2020-04-24 00:00:00","2020-04-25 00:00:00","2020-12-14 19:00:11","2020-12-14 19:00:11"),
("24","13","BP","US Devices Inc.","BPM-2019d","19KLB-26","2020-10-01 00:00:00","2020-10-10 00:00:00","2020-10-18 00:00:00","2020-12-14 19:00:11","2020-12-14 19:00:11"),
("25","64","BP","US Devices Inc.","BPM-2020f","PW144970-786","2020-05-19 00:00:00","2020-05-29 00:00:00","2020-06-01 00:00:00","2020-12-14 19:00:11","2020-12-14 19:00:11"),
("26","24","BP","US Devices Inc.","BPM-2019d","20DAB-26","2020-10-01 00:00:00","2020-10-10 00:00:00","2020-10-14 00:00:00","2020-12-14 19:00:11","2020-12-14 19:00:11"),
("27","66","BP","US Devices Inc.","BPM-2020f","ZN798544-635","2020-04-09 00:00:00","2020-04-19 00:00:00","2020-04-22 00:00:00","2020-12-14 19:00:11","2020-12-14 19:00:11"),
("28","47","BP","US Devices Inc.","BPM-2020f","LS116007-231","2020-05-30 00:00:00","2020-06-09 00:00:00","2020-06-10 00:00:00","2020-12-14 19:00:11","2020-12-14 19:00:11"),
("29","70","BP","US Devices Inc.","BPM-2020f","UU48074-699","2020-04-17 00:00:00","2020-04-27 00:00:00","2020-04-30 00:00:00","2020-12-14 19:00:11","2020-12-14 19:00:11"),
("30","60","BP","US Devices Inc.","BPM-2020f","RR294481-105","2020-04-10 00:00:00","2020-04-20 00:00:00","2020-04-23 00:00:00","2020-12-14 19:00:11","2020-12-14 19:00:11"),
("31","55","BP","US Devices Inc.","BPM-2020f","NF313473-640","2020-04-06 00:00:00","2020-04-16 00:00:00","2020-04-17 00:00:00","2020-12-14 19:00:11","2020-12-14 19:00:11"),
("32","9","BP","US Devices Inc.","BPM-2019d","26DXE-26","2020-10-01 00:00:00","2020-10-10 00:00:00","2020-10-18 00:00:00","2020-12-14 19:00:11","2020-12-14 19:00:11"),
("33","52","BP","US Devices Inc.","BPM-2020f","NA70401-417","2020-05-19 00:00:00","2020-05-29 00:00:00","2020-05-30 00:00:00","2020-12-14 19:00:11","2020-12-14 19:00:11"),
("34","12","BP","US Devices Inc.","BPM-2019d","83DFB-26","2020-10-01 00:00:00","2020-10-10 00:00:00","2020-10-18 00:00:00","2020-12-14 19:00:11","2020-12-14 19:00:11"),
("35","58","BP","US Devices Inc.","BPM-2020f","XK986483-746","2020-04-02 00:00:00","2020-04-12 00:00:00","2020-04-15 00:00:00","2020-12-14 19:00:11","2020-12-14 19:00:11"),
("36","56","BP","US Devices Inc.","BPM-2020f","VS570243-205","2020-04-01 00:00:00","2020-04-11 00:00:00","2020-04-14 00:00:00","2020-12-14 19:00:11","2020-12-14 19:00:11"),
("37","8","BP","US Devices Inc.","BPM-2019d","87DPB-26","2020-10-01 00:00:00","2020-10-10 00:00:00","2020-10-18 00:00:00","2020-12-14 19:00:11","2020-12-14 19:00:11"),
("38","19","BP","US Devices Inc.","BPM-2019d","19DFJ-40","2020-09-25 00:00:00","2020-10-10 00:00:00","2020-10-18 00:00:00","2020-12-14 19:00:11","2020-12-14 19:00:11"),
("39","11","BP","US Devices Inc.","BPM-2019d","31DFB-26","2020-09-25 00:00:00","2020-10-03 00:00:00","2020-10-12 00:00:00","2020-12-14 19:00:11","2020-12-14 19:00:11"),
("40","6","BP","US Devices Inc.","BPM-2019d","92DFB-26","2020-10-01 00:00:00","2020-10-10 00:00:00","2020-11-01 00:00:00","2020-12-14 19:00:11","2020-12-14 19:00:11"),
("41","16","BP","US Devices Inc.","BPM-2020f","13DFB-26","2020-11-02 00:00:00","2020-11-15 00:00:00","","2020-12-14 19:00:11","2020-12-14 19:00:11"),
("42","69","BP","US Devices Inc.","BPM-2020f","JZ808729-273","2020-04-04 00:00:00","2020-04-14 00:00:00","2020-04-17 00:00:00","2020-12-14 19:00:11","2020-12-14 19:00:11"),
("43","17","BP","US Devices Inc.","BPM-2020f","49DFB-26","2020-11-15 00:00:00","2020-11-20 00:00:00","","2020-12-14 19:00:11","2020-12-14 19:00:11"),
("44","59","BP","US Devices Inc.","BPM-2020f","ZG407871-557","2020-05-18 00:00:00","2020-05-28 00:00:00","2020-05-31 00:00:00","2020-12-14 19:00:11","2020-12-14 19:00:11"),
("45","61","BP","US Devices Inc.","BPM-2020f","HZ517250-504","2020-05-08 00:00:00","2020-05-18 00:00:00","2020-05-21 00:00:00","2020-12-14 19:00:11","2020-12-14 19:00:11"),
("46","39","BP","US Devices Inc.","BPM-2020f","TH127997","2020-04-29 00:00:00","2020-05-07 00:00:00","2020-05-08 00:00:00","2020-12-14 19:00:11","2020-12-14 19:00:11"),
("47","29","BP","US Devices Inc.","BPM-2020f","GY81979","2020-05-27 00:00:00","2020-06-04 00:00:00","2020-06-05 00:00:00","2020-12-14 19:00:11","2020-12-14 19:00:11"),
("48","31","BP","US Devices Inc.","BPM-2020f","FU578713","2020-04-15 00:00:00","2020-04-23 00:00:00","2020-04-24 00:00:00","2020-12-14 19:00:11","2020-12-14 19:00:11"),
("49","10","BP","US Devices Inc.","BPM-2020f","67DLB-94","2020-07-17 00:00:00","2020-07-22 00:00:00","2020-08-01 00:00:00","2020-12-14 19:00:11","2020-12-14 19:00:11"),
("50","41","BP","US Devices Inc.","BPM-2020f","UG951866","2020-04-21 00:00:00","2020-04-29 00:00:00","2020-04-30 00:00:00","2020-12-14 19:00:11","2020-12-14 19:00:11"),
("51","14","BP","US Devices Inc.","BPM-2020f","1YTB-26","2020-10-31 00:00:00","","","2020-12-14 19:00:11","2020-12-14 19:00:11"),
("52","5","BP","US Devices Inc.","BPM-2020f","65XFB-26","2020-07-06 00:00:00","2020-07-15 00:00:00","2020-07-15 00:00:00","2020-12-14 19:00:11","2020-12-14 19:00:11"),
("53","62","BP","US Devices Inc.","BPM-2020f","XY227639-649","2020-04-27 00:00:00","2020-05-07 00:00:00","2020-05-10 00:00:00","2020-12-14 19:00:11","2020-12-14 19:00:11"),
("54","67","BP","US Devices Inc.","BPM-2020f","IG593388-921","2020-04-14 00:00:00","2020-04-24 00:00:00","2020-04-27 00:00:00","2020-12-14 19:00:11","2020-12-14 19:00:11"),
("55","68","BP","US Devices Inc.","BPM-2020f","TF558671-867","2020-05-24 00:00:00","2020-06-03 00:00:00","2020-06-06 00:00:00","2020-12-14 19:00:11","2020-12-14 19:00:11"),
("56","34","BP","US Devices Inc.","BPM-2020f","SH696438","2020-05-07 00:00:00","2020-05-15 00:00:00","2020-05-16 00:00:00","2020-12-14 19:00:11","2020-12-14 19:00:11"),
("57","49","BP","US Devices Inc.","BPM-2020f","EG411467-765","2020-05-06 00:00:00","2020-05-16 00:00:00","2020-05-17 00:00:00","2020-12-14 19:00:11","2020-12-14 19:00:11"),
("58","42","BP","US Devices Inc.","BPM-2020f","QX188847","2020-04-27 00:00:00","2020-05-05 00:00:00","2020-05-06 00:00:00","2020-12-14 19:00:11","2020-12-14 19:00:11"),
("59","26","BP","US Devices Inc.","BPM-2020f","51HJB-26","2020-11-19 00:00:00","","","2020-12-14 19:00:11","2020-12-14 19:00:11"),
("60","45","BP","US Devices Inc.","BPM-2020f","DF148483","2020-05-11 00:00:00","2020-05-21 00:00:00","2020-05-22 00:00:00","2020-12-14 19:00:11","2020-12-14 19:00:11"),
("61","48","BP","US Devices Inc.","BPM-2020f","TV831608-825","2020-04-03 00:00:00","2020-04-13 00:00:00","2020-04-14 00:00:00","2020-12-14 19:00:11","2020-12-14 19:00:11"),
("62","37","BP","US Devices Inc.","BPM-2020f","JH432504","2020-04-29 00:00:00","2020-05-07 00:00:00","2020-05-08 00:00:00","2020-12-14 19:00:11","2020-12-14 19:00:11"),
("63","51","BP","US Devices Inc.","BPM-2020f","QT998799-919","2020-04-22 00:00:00","2020-05-02 00:00:00","2020-05-03 00:00:00","2020-12-14 19:00:11","2020-12-14 19:00:11"),
("64","27","BP","US Devices Inc.","BPM-2020f","89DFB-26","2020-05-22 00:00:00","2020-05-29 00:00:00","2020-06-04 00:00:00","2020-12-14 19:00:11","2020-12-14 19:00:11"),
("65","30","BP","US Devices Inc.","BPM-2020f","UW53654","2020-05-26 00:00:00","2020-06-03 00:00:00","2020-06-04 00:00:00","2020-12-14 19:00:11","2020-12-14 19:00:11"),
("66","44","BP","US Devices Inc.","BPM-2020f","VN220172","2020-05-07 00:00:00","2020-05-17 00:00:00","2020-05-18 00:00:00","2020-12-14 19:00:11","2020-12-14 19:00:11"),
("67","38","BP","US Devices Inc.","BPM-2020f","CD541979","2020-04-05 00:00:00","2020-04-13 00:00:00","2020-04-14 00:00:00","2020-12-14 19:00:11","2020-12-14 19:00:11"),
("68","57","BP","US Devices Inc.","BPM-2020f","ND335943-245","2020-04-20 00:00:00","2020-04-30 00:00:00","2020-05-03 00:00:00","2020-12-14 19:00:11","2020-12-14 19:00:11"),
("69","46","BP","US Devices Inc.","BPM-2020f","ZR435150","2020-04-26 00:00:00","2020-05-06 00:00:00","2020-05-07 00:00:00","2020-12-14 19:00:11","2020-12-14 19:00:11"),
("70","43","BP","US Devices Inc.","BPM-2020f","FU349690","2020-05-14 00:00:00","2020-05-24 00:00:00","2020-05-25 00:00:00","2020-12-14 19:00:11","2020-12-14 19:00:11"),
("71","23","Scale","US WeightScale Inc.","WSV-2020b","WE230671","2020-11-21 00:00:00","2020-11-08 00:00:00","","2020-12-14 19:00:11","2020-12-14 19:00:11"),
("72","22","Scale","US WeightScale Inc.","WSV-2019g","EI03567618","2019-10-01 00:00:00","2019-10-12 00:00:00","2019-10-14 00:00:00","2020-12-14 19:00:11","2020-12-14 19:00:11"),
("73","2","Scale","US WeightScale Inc.","WSV-2019g","XA9810834","2019-10-01 00:00:00","2019-10-12 00:00:00","2019-10-14 00:00:00","2020-12-14 19:00:11","2020-12-14 19:00:11"),
("74","3","Scale","US WeightScale Inc.","WSV-2019g","PO1308573","2019-10-01 00:00:00","2019-10-12 00:00:00","2019-10-14 00:00:00","2020-12-14 19:00:11","2020-12-14 19:00:11"),
("75","20","Scale","US WeightScale Inc.","WSV-2020b","NH239723","2020-09-09 00:00:00","2020-09-13 00:00:00","2020-09-18 00:00:00","2020-12-14 19:00:11","2020-12-14 19:00:11"),
("76","21","Scale","US WeightScale Inc.","WSV-2019g","RE39586710","2019-10-01 00:00:00","2019-10-12 00:00:00","2019-10-14 00:00:00","2020-12-14 19:00:11","2020-12-14 19:00:11"),
("77","15","Scale","US WeightScale Inc.","WSV-2019g","KQ1034576","2019-10-01 00:00:00","2019-10-12 00:00:00","2019-10-14 00:00:00","2020-12-14 19:00:11","2020-12-14 19:00:11"),
("78","4","Scale","US WeightScale Inc.","WSV-2019g","LM2305762","2020-10-01 00:00:00","2020-10-10 00:00:00","2020-10-18 00:00:00","2020-12-14 19:00:11","2020-12-14 19:00:11"),
("79","18","Scale","US WeightScale Inc.","WSV-2019g","QS3576702","2020-10-01 00:00:00","2020-10-10 00:00:00","2020-10-18 00:00:00","2020-12-14 19:00:11","2020-12-14 19:00:11"),
("80","25","Scale","US WeightScale Inc.","WSV-2019g","KM1257923","2019-10-01 00:00:00","2019-10-12 00:00:00","2019-10-14 00:00:00","2020-12-14 19:00:11","2020-12-14 19:00:11"),
("81","7","Scale","US WeightScale Inc.","WSV-2019g","LQ15087639","2020-10-01 00:00:00","2020-10-10 00:00:00","2020-10-18 00:00:00","2020-12-14 19:00:11","2020-12-14 19:00:11"),
("82","1","Scale","US WeightScale Inc.","WSV-2019g","HI26074672","2019-10-01 00:00:00","2019-10-10 00:00:00","2019-10-18 00:00:00","2020-12-14 19:00:11","2020-12-14 19:00:11"),
("83","13","Scale","US WeightScale Inc.","WSV-2019g","OP203976","2020-10-01 00:00:00","2020-10-10 00:00:00","2020-10-18 00:00:00","2020-12-14 19:00:11","2020-12-14 19:00:11"),
("84","24","Scale","US WeightScale Inc.","WSV-2019g","KI12094576","2019-10-01 00:00:00","2019-10-12 00:00:00","2019-10-14 00:00:00","2020-12-14 19:00:11","2020-12-14 19:00:11"),
("85","9","Scale","US WeightScale Inc.","WSV-2019g","SK3967023","2020-10-01 00:00:00","2020-10-10 00:00:00","2020-10-18 00:00:00","2020-12-14 19:00:11","2020-12-14 19:00:11"),
("86","12","Scale","US WeightScale Inc.","WSV-2019g","PC5976023","2020-10-01 00:00:00","2020-10-10 00:00:00","2020-10-18 00:00:00","2020-12-14 19:00:11","2020-12-14 19:00:11"),
("87","8","Scale","US WeightScale Inc.","WSV-2019g","HD3057203","2020-10-01 00:00:00","2020-10-10 00:00:00","2020-10-18 00:00:00","2020-12-14 19:00:11","2020-12-14 19:00:11"),
("88","19","Scale","US WeightScale Inc.","WSV-2019g","LM235792","2019-10-01 00:00:00","2019-10-10 00:00:00","2019-10-14 00:00:00","2020-12-14 19:00:11","2020-12-14 19:00:11"),
("89","11","Scale","US WeightScale Inc.","WSV-2019g","KR2357026","2019-10-01 00:00:00","2019-10-10 00:00:00","2019-10-12 00:00:00","2020-12-14 19:00:11","2020-12-14 19:00:11"),
("90","6","Scale","US WeightScale Inc.","WSV-2019g","DE2046723","2020-10-01 00:00:00","2020-10-10 00:00:00","2020-11-01 00:00:00","2020-12-14 19:00:11","2020-12-14 19:00:11"),
("91","16","Scale","US WeightScale Inc.","WSV-2020b","LO340682","2020-11-02 00:00:00","2020-11-15 00:00:00","","2020-12-14 19:00:11","2020-12-14 19:00:11"),
("92","17","Scale","US WeightScale Inc.","WSV-2020b","UI40682307","2020-11-15 00:00:00","2020-11-20 00:00:00","","2020-12-14 19:00:11","2020-12-14 19:00:11"),
("93","10","Scale","US WeightScale Inc.","WSV-2020b","JK2367035","2020-07-20 00:00:00","2020-07-28 00:00:00","2020-07-28 00:00:00","2020-12-14 19:00:11","2020-12-14 19:00:11"),
("94","14","Scale","US WeightScale Inc.","WSV-2020b","ZT30682376","2020-10-31 00:00:00","","","2020-12-14 19:00:11","2020-12-14 19:00:11"),
("95","5","Scale","US WeightScale Inc.","WSV-2020b","LE306736","2020-07-10 00:00:00","2020-07-18 00:00:00","2020-07-18 00:00:00","2020-12-14 19:00:11","2020-12-14 19:00:11"),
("96","26","Scale","US WeightScale Inc.","WSV-2020b","BO236706","2020-11-20 00:00:00","","","2020-12-14 19:00:11","2020-12-14 19:00:11"),
("97","27","Scale","US WeightScale Inc.","WSV-2020b","LO26723058","2020-05-22 00:00:00","2020-05-29 00:00:00","2020-06-02 00:00:00","2020-12-14 19:00:11","2020-12-14 19:00:11");




CREATE TABLE `Patient_Device_BP` (
  `id` int NOT NULL AUTO_INCREMENT,
  `lumi_patient_id` int NOT NULL,
  `patient_device_id` int NOT NULL,
  `reading_datetime` datetime NOT NULL,
  `diastolic_value` int NOT NULL,
  `systolic_value` int NOT NULL,
  `created_at` timestamp NOT NULL DEFAULT CURRENT_TIMESTAMP,
  `modified_at` timestamp NOT NULL DEFAULT CURRENT_TIMESTAMP,
  PRIMARY KEY (`id`)
) ENGINE=InnoDB AUTO_INCREMENT=303 DEFAULT CHARSET=utf8mb4 COLLATE=utf8mb4_0900_ai_ci;


INSERT INTO Patient_Device_BP VALUES
("1","2","3","2019-10-14 08:00:00","80","128","2020-12-14 19:00:13","2020-12-14 19:00:13"),
("2","2","3","2019-10-21 08:00:00","80","128","2020-12-14 19:00:13","2020-12-14 19:00:13"),
("3","2","3","2019-10-28 08:00:00","80","128","2020-12-14 19:00:13","2020-12-14 19:00:13"),
("4","2","3","2019-11-04 08:00:00","80","128","2020-12-14 19:00:13","2020-12-14 19:00:13"),
("5","2","3","2019-11-11 08:00:00","81","128","2020-12-14 19:00:13","2020-12-14 19:00:13"),
("6","2","3","2019-11-18 08:00:00","80","128","2020-12-14 19:00:13","2020-12-14 19:00:13"),
("7","2","3","2019-11-25 08:00:00","80","128","2020-12-14 19:00:13","2020-12-14 19:00:13"),
("8","2","3","2019-12-02 08:00:00","80","128","2020-12-14 19:00:13","2020-12-14 19:00:13"),
("9","2","3","2019-12-09 08:00:00","80","127","2020-12-14 19:00:13","2020-12-14 19:00:13"),
("10","2","3","2019-12-16 08:00:00","83","128","2020-12-14 19:00:13","2020-12-14 19:00:13"),
("11","2","3","2019-12-23 08:00:00","80","128","2020-12-14 19:00:13","2020-12-14 19:00:13"),
("12","2","3","2019-12-30 08:00:00","80","128","2020-12-14 19:00:13","2020-12-14 19:00:13"),
("13","2","3","2020-01-06 08:00:00","82","128","2020-12-14 19:00:13","2020-12-14 19:00:13"),
("14","2","3","2020-01-13 08:00:00","80","128","2020-12-14 19:00:13","2020-12-14 19:00:13"),
("15","2","3","2020-01-20 08:00:00","80","128","2020-12-14 19:00:13","2020-12-14 19:00:13"),
("16","2","3","2020-01-27 08:00:00","80","128","2020-12-14 19:00:13","2020-12-14 19:00:13"),
("17","2","3","2020-02-03 08:00:00","80","128","2020-12-14 19:00:13","2020-12-14 19:00:13"),
("18","2","3","2020-02-10 08:00:00","83","127","2020-12-14 19:00:13","2020-12-14 19:00:13"),
("19","2","3","2020-02-17 08:00:00","80","128","2020-12-14 19:00:13","2020-12-14 19:00:13"),
("20","2","3","2020-02-24 08:00:00","80","128","2020-12-14 19:00:13","2020-12-14 19:00:13"),
("21","2","3","2020-03-02 08:00:00","80","129","2020-12-14 19:00:13","2020-12-14 19:00:13"),
("22","2","3","2020-03-09 08:00:00","80","128","2020-12-14 19:00:13","2020-12-14 19:00:13"),
("23","2","3","2020-03-16 08:00:00","82","127","2020-12-14 19:00:13","2020-12-14 19:00:13"),
("24","2","3","2020-03-23 08:00:00","80","128","2020-12-14 19:00:13","2020-12-14 19:00:13"),
("25","2","3","2020-03-30 08:00:00","80","128","2020-12-14 19:00:13","2020-12-14 19:00:13"),
("26","2","3","2020-04-06 08:00:00","80","128","2020-12-14 19:00:13","2020-12-14 19:00:13"),
("27","2","3","2020-04-13 08:00:00","80","129","2020-12-14 19:00:13","2020-12-14 19:00:13"),
("28","2","3","2020-04-20 08:00:00","81","128","2020-12-14 19:00:13","2020-12-14 19:00:13"),
("29","2","3","2020-04-27 08:00:00","80","128","2020-12-14 19:00:13","2020-12-14 19:00:13"),
("30","2","3","2020-05-04 08:00:00","80","128","2020-12-14 19:00:13","2020-12-14 19:00:13"),
("31","2","3","2020-05-11 08:00:00","80","128","2020-12-14 19:00:13","2020-12-14 19:00:13"),
("32","2","3","2020-05-18 08:00:00","80","128","2020-12-14 19:00:13","2020-12-14 19:00:13"),
("33","2","3","2020-05-25 08:00:00","83","127","2020-12-14 19:00:13","2020-12-14 19:00:13"),
("34","2","3","2020-06-01 08:00:00","80","128","2020-12-14 19:00:13","2020-12-14 19:00:13"),
("35","2","3","2020-06-08 08:00:00","80","128","2020-12-14 19:00:13","2020-12-14 19:00:13"),
("36","2","3","2020-06-15 08:00:00","80","128","2020-12-14 19:00:13","2020-12-14 19:00:13"),
("37","2","3","2020-06-22 08:00:00","80","128","2020-12-14 19:00:13","2020-12-14 19:00:13"),
("38","2","3","2020-06-29 08:00:00","80","126","2020-12-14 19:00:13","2020-12-14 19:00:13"),
("39","2","3","2020-07-06 08:00:00","83","128","2020-12-14 19:00:13","2020-12-14 19:00:13"),
("40","2","3","2020-07-13 08:00:00","80","128","2020-12-14 19:00:13","2020-12-14 19:00:13"),
("41","2","3","2020-07-20 08:00:00","80","128","2020-12-14 19:00:13","2020-12-14 19:00:13"),
("42","2","3","2020-07-27 08:00:00","80","128","2020-12-14 19:00:13","2020-12-14 19:00:13"),
("43","2","3","2020-08-03 08:00:00","80","128","2020-12-14 19:00:13","2020-12-14 19:00:13"),
("44","2","3","2020-08-10 08:00:00","82","128","2020-12-14 19:00:13","2020-12-14 19:00:13"),
("45","2","3","2020-08-17 08:00:00","80","127","2020-12-14 19:00:13","2020-12-14 19:00:13"),
("46","2","3","2020-08-24 08:00:00","80","128","2020-12-14 19:00:13","2020-12-14 19:00:13"),
("47","2","3","2020-08-31 08:00:00","80","128","2020-12-14 19:00:13","2020-12-14 19:00:13"),
("48","2","3","2020-09-07 08:00:00","80","128","2020-12-14 19:00:13","2020-12-14 19:00:13"),
("49","2","3","2020-09-14 08:00:00","81","129","2020-12-14 19:00:13","2020-12-14 19:00:13"),
("50","2","3","2020-09-21 08:00:00","80","128","2020-12-14 19:00:13","2020-12-14 19:00:13"),
("51","2","3","2020-09-28 08:00:00","80","128","2020-12-14 19:00:13","2020-12-14 19:00:13"),
("52","2","3","2020-10-05 08:00:00","88","131","2020-12-14 19:00:13","2020-12-14 19:00:13"),
("53","2","3","2020-10-12 08:00:00","85","130","2020-12-14 19:00:13","2020-12-14 19:00:13"),
("54","2","3","2020-10-19 08:00:00","88","131","2020-12-14 19:00:13","2020-12-14 19:00:13"),
("55","2","3","2020-10-26 08:00:00","90","130","2020-12-14 19:00:13","2020-12-14 19:00:13"),
("56","2","3","2020-11-02 08:00:00","88","131","2020-12-14 19:00:13","2020-12-14 19:00:13"),
("57","2","3","2020-11-09 08:00:00","89","132","2020-12-14 19:00:13","2020-12-14 19:00:13"),
("58","2","3","2020-11-16 08:00:00","90","129","2020-12-14 19:00:13","2020-12-14 19:00:13"),
("59","2","3","2020-11-23 08:00:00","90","130","2020-12-14 19:00:13","2020-12-14 19:00:13"),
("60","2","3","2020-11-30 08:00:00","80","125","2020-12-14 19:00:13","2020-12-14 19:00:13"),
("61","2","3","2020-12-07 08:00:00","85","128","2020-12-14 19:00:13","2020-12-14 19:00:13"),
("62","2","3","2020-12-14 08:00:00","87","132","2020-12-14 19:00:13","2020-12-14 19:00:13"),
("63","25","12","2019-10-14 08:00:00","80","128","2020-12-14 19:00:13","2020-12-14 19:00:13"),
("64","25","12","2019-10-21 08:00:00","80","128","2020-12-14 19:00:13","2020-12-14 19:00:13"),
("65","25","12","2019-10-28 08:00:00","80","128","2020-12-14 19:00:13","2020-12-14 19:00:13"),
("66","25","12","2019-11-04 08:00:00","80","128","2020-12-14 19:00:13","2020-12-14 19:00:13"),
("67","25","12","2019-11-11 08:00:00","81","128","2020-12-14 19:00:13","2020-12-14 19:00:13"),
("68","25","12","2019-11-18 08:00:00","80","128","2020-12-14 19:00:13","2020-12-14 19:00:13"),
("69","25","12","2019-11-25 08:00:00","80","128","2020-12-14 19:00:13","2020-12-14 19:00:13"),
("70","25","12","2019-12-02 08:00:00","80","128","2020-12-14 19:00:13","2020-12-14 19:00:13"),
("71","25","12","2019-12-09 08:00:00","80","127","2020-12-14 19:00:13","2020-12-14 19:00:13"),
("72","25","12","2019-12-16 08:00:00","83","128","2020-12-14 19:00:13","2020-12-14 19:00:13"),
("73","25","12","2019-12-23 08:00:00","80","128","2020-12-14 19:00:13","2020-12-14 19:00:13"),
("74","25","12","2019-12-30 08:00:00","80","128","2020-12-14 19:00:13","2020-12-14 19:00:13"),
("75","25","12","2020-01-06 08:00:00","82","128","2020-12-14 19:00:13","2020-12-14 19:00:13"),
("76","25","12","2020-01-13 08:00:00","80","128","2020-12-14 19:00:13","2020-12-14 19:00:13"),
("77","25","12","2020-01-20 08:00:00","80","128","2020-12-14 19:00:13","2020-12-14 19:00:13"),
("78","25","12","2020-01-27 08:00:00","80","128","2020-12-14 19:00:13","2020-12-14 19:00:13"),
("79","25","12","2020-02-03 08:00:00","80","128","2020-12-14 19:00:13","2020-12-14 19:00:13"),
("80","25","12","2020-02-10 08:00:00","83","127","2020-12-14 19:00:13","2020-12-14 19:00:13"),
("81","25","12","2020-02-17 08:00:00","80","128","2020-12-14 19:00:13","2020-12-14 19:00:13"),
("82","25","12","2020-02-24 08:00:00","80","128","2020-12-14 19:00:13","2020-12-14 19:00:13"),
("83","25","12","2020-03-02 08:00:00","80","129","2020-12-14 19:00:13","2020-12-14 19:00:13"),
("84","25","12","2020-03-09 08:00:00","80","128","2020-12-14 19:00:13","2020-12-14 19:00:13"),
("85","25","12","2020-03-16 08:00:00","82","127","2020-12-14 19:00:13","2020-12-14 19:00:13"),
("86","25","12","2020-03-23 08:00:00","80","128","2020-12-14 19:00:13","2020-12-14 19:00:13"),
("87","25","12","2020-03-30 08:00:00","80","128","2020-12-14 19:00:13","2020-12-14 19:00:13"),
("88","25","12","2020-04-06 08:00:00","80","128","2020-12-14 19:00:13","2020-12-14 19:00:13"),
("89","25","12","2020-04-13 08:00:00","80","129","2020-12-14 19:00:13","2020-12-14 19:00:13"),
("90","25","12","2020-04-20 08:00:00","81","128","2020-12-14 19:00:13","2020-12-14 19:00:13"),
("91","25","12","2020-04-27 08:00:00","80","128","2020-12-14 19:00:13","2020-12-14 19:00:13"),
("92","25","12","2020-05-04 08:00:00","80","128","2020-12-14 19:00:13","2020-12-14 19:00:13"),
("93","25","12","2020-05-11 08:00:00","80","128","2020-12-14 19:00:13","2020-12-14 19:00:13"),
("94","25","12","2020-05-18 08:00:00","80","128","2020-12-14 19:00:13","2020-12-14 19:00:13"),
("95","25","12","2020-05-25 08:00:00","83","127","2020-12-14 19:00:13","2020-12-14 19:00:13"),
("96","25","12","2020-06-01 08:00:00","80","128","2020-12-14 19:00:13","2020-12-14 19:00:13"),
("97","25","12","2020-06-08 08:00:00","80","128","2020-12-14 19:00:13","2020-12-14 19:00:13"),
("98","25","12","2020-06-15 08:00:00","80","128","2020-12-14 19:00:13","2020-12-14 19:00:13"),
("99","25","12","2020-06-22 08:00:00","80","128","2020-12-14 19:00:13","2020-12-14 19:00:13"),
("100","25","12","2020-06-29 08:00:00","80","126","2020-12-14 19:00:13","2020-12-14 19:00:13");
INSERT INTO Patient_Device_BP VALUES
("101","25","12","2020-07-06 08:00:00","83","128","2020-12-14 19:00:13","2020-12-14 19:00:13"),
("102","25","12","2020-07-13 08:00:00","80","128","2020-12-14 19:00:13","2020-12-14 19:00:13"),
("103","25","12","2020-07-20 08:00:00","80","128","2020-12-14 19:00:13","2020-12-14 19:00:13"),
("104","25","12","2020-07-27 08:00:00","80","128","2020-12-14 19:00:13","2020-12-14 19:00:13"),
("105","25","12","2020-08-03 08:00:00","80","128","2020-12-14 19:00:13","2020-12-14 19:00:13"),
("106","25","12","2020-08-10 08:00:00","82","128","2020-12-14 19:00:13","2020-12-14 19:00:13"),
("107","25","12","2020-08-17 08:00:00","80","127","2020-12-14 19:00:13","2020-12-14 19:00:13"),
("108","25","12","2020-08-24 08:00:00","80","128","2020-12-14 19:00:13","2020-12-14 19:00:13"),
("109","25","12","2020-08-31 08:00:00","80","128","2020-12-14 19:00:13","2020-12-14 19:00:13"),
("110","25","12","2020-09-07 08:00:00","80","128","2020-12-14 19:00:13","2020-12-14 19:00:13"),
("111","25","12","2020-09-14 08:00:00","81","129","2020-12-14 19:00:13","2020-12-14 19:00:13"),
("112","25","12","2020-09-21 08:00:00","80","128","2020-12-14 19:00:13","2020-12-14 19:00:13"),
("113","25","12","2020-09-28 08:00:00","80","128","2020-12-14 19:00:13","2020-12-14 19:00:13"),
("114","25","12","2020-10-05 08:00:00","88","131","2020-12-14 19:00:13","2020-12-14 19:00:13"),
("115","25","12","2020-10-12 08:00:00","85","130","2020-12-14 19:00:13","2020-12-14 19:00:13"),
("116","25","12","2020-10-19 08:00:00","88","131","2020-12-14 19:00:13","2020-12-14 19:00:13"),
("117","25","12","2020-10-26 08:00:00","90","130","2020-12-14 19:00:13","2020-12-14 19:00:13"),
("118","25","12","2020-11-02 08:00:00","88","131","2020-12-14 19:00:13","2020-12-14 19:00:13"),
("119","25","12","2020-11-09 08:00:00","89","132","2020-12-14 19:00:13","2020-12-14 19:00:13"),
("120","25","12","2020-11-16 08:00:00","90","129","2020-12-14 19:00:13","2020-12-14 19:00:13"),
("121","25","12","2020-11-23 08:00:00","90","130","2020-12-14 19:00:13","2020-12-14 19:00:13"),
("122","25","12","2020-11-30 08:00:00","80","125","2020-12-14 19:00:13","2020-12-14 19:00:13"),
("123","25","12","2020-12-07 08:00:00","85","128","2020-12-14 19:00:13","2020-12-14 19:00:13"),
("124","25","12","2020-12-14 08:00:00","87","132","2020-12-14 19:00:13","2020-12-14 19:00:13"),
("125","3","4","2019-10-14 08:00:00","82","132","2020-12-14 19:00:13","2020-12-14 19:00:13"),
("126","3","4","2019-10-21 08:00:00","81","136","2020-12-14 19:00:13","2020-12-14 19:00:13"),
("127","3","4","2019-10-28 08:00:00","83","134","2020-12-14 19:00:13","2020-12-14 19:00:13"),
("128","3","4","2019-11-04 08:00:00","83","136","2020-12-14 19:00:13","2020-12-14 19:00:13"),
("129","3","4","2019-11-11 08:00:00","82","138","2020-12-14 19:00:13","2020-12-14 19:00:13"),
("130","3","4","2019-11-18 08:00:00","84","138","2020-12-14 19:00:13","2020-12-14 19:00:13"),
("131","3","4","2019-11-25 08:00:00","82","136","2020-12-14 19:00:13","2020-12-14 19:00:13"),
("132","3","4","2019-12-02 08:00:00","80","138","2020-12-14 19:00:13","2020-12-14 19:00:13"),
("133","3","4","2019-12-09 08:00:00","83","138","2020-12-14 19:00:13","2020-12-14 19:00:13"),
("134","3","4","2019-12-16 08:00:00","84","137","2020-12-14 19:00:13","2020-12-14 19:00:13"),
("135","3","4","2019-12-23 08:00:00","86","139","2020-12-14 19:00:13","2020-12-14 19:00:13"),
("136","3","4","2019-12-30 08:00:00","84","140","2020-12-14 19:00:13","2020-12-14 19:00:13"),
("137","3","4","2020-01-06 08:00:00","85","138","2020-12-14 19:00:13","2020-12-14 19:00:13"),
("138","3","4","2020-01-13 08:00:00","86","137","2020-12-14 19:00:13","2020-12-14 19:00:13"),
("139","3","4","2020-01-20 08:00:00","84","139","2020-12-14 19:00:13","2020-12-14 19:00:13"),
("140","3","4","2020-01-27 08:00:00","85","140","2020-12-14 19:00:13","2020-12-14 19:00:13"),
("141","3","4","2020-02-03 08:00:00","83","136","2020-12-14 19:00:13","2020-12-14 19:00:13"),
("142","3","4","2020-02-10 08:00:00","86","140","2020-12-14 19:00:13","2020-12-14 19:00:13"),
("143","3","4","2020-02-17 08:00:00","88","138","2020-12-14 19:00:13","2020-12-14 19:00:13"),
("144","3","4","2020-02-24 08:00:00","85","142","2020-12-14 19:00:13","2020-12-14 19:00:13"),
("145","3","4","2020-03-02 08:00:00","87","138","2020-12-14 19:00:13","2020-12-14 19:00:13"),
("146","3","4","2020-03-09 08:00:00","88","140","2020-12-14 19:00:13","2020-12-14 19:00:13"),
("147","3","4","2020-03-16 08:00:00","84","139","2020-12-14 19:00:13","2020-12-14 19:00:13"),
("148","3","4","2020-03-23 08:00:00","86","138","2020-12-14 19:00:13","2020-12-14 19:00:13"),
("149","3","4","2020-03-30 08:00:00","86","138","2020-12-14 19:00:13","2020-12-14 19:00:13"),
("150","3","4","2020-04-06 08:00:00","85","140","2020-12-14 19:00:13","2020-12-14 19:00:13"),
("151","3","4","2020-04-13 08:00:00","87","138","2020-12-14 19:00:13","2020-12-14 19:00:13"),
("152","3","4","2020-04-20 08:00:00","88","140","2020-12-14 19:00:13","2020-12-14 19:00:13"),
("153","3","4","2020-04-27 08:00:00","84","139","2020-12-14 19:00:13","2020-12-14 19:00:13"),
("154","3","4","2020-05-04 08:00:00","84","138","2020-12-14 19:00:13","2020-12-14 19:00:13"),
("155","3","4","2020-05-11 08:00:00","84","138","2020-12-14 19:00:13","2020-12-14 19:00:13"),
("156","3","4","2020-05-18 08:00:00","85","137","2020-12-14 19:00:13","2020-12-14 19:00:13"),
("157","3","4","2020-05-25 08:00:00","85","139","2020-12-14 19:00:13","2020-12-14 19:00:13"),
("158","3","4","2020-06-01 08:00:00","87","138","2020-12-14 19:00:13","2020-12-14 19:00:13"),
("159","3","4","2020-06-08 08:00:00","85","138","2020-12-14 19:00:13","2020-12-14 19:00:13"),
("160","3","4","2020-06-15 08:00:00","88","138","2020-12-14 19:00:13","2020-12-14 19:00:13"),
("161","3","4","2020-06-22 08:00:00","86","138","2020-12-14 19:00:13","2020-12-14 19:00:13"),
("162","3","4","2020-06-29 08:00:00","87","136","2020-12-14 19:00:13","2020-12-14 19:00:13"),
("163","3","4","2020-07-06 08:00:00","85","140","2020-12-14 19:00:13","2020-12-14 19:00:13"),
("164","3","4","2020-07-13 08:00:00","87","141","2020-12-14 19:00:13","2020-12-14 19:00:13"),
("165","3","4","2020-07-20 08:00:00","86","135","2020-12-14 19:00:13","2020-12-14 19:00:13"),
("166","3","4","2020-07-27 08:00:00","88","130","2020-12-14 19:00:13","2020-12-14 19:00:13"),
("167","3","4","2020-08-03 08:00:00","86","135","2020-12-14 19:00:13","2020-12-14 19:00:13"),
("168","3","4","2020-08-10 08:00:00","86","130","2020-12-14 19:00:13","2020-12-14 19:00:13"),
("169","3","4","2020-08-17 08:00:00","87","130","2020-12-14 19:00:13","2020-12-14 19:00:13"),
("170","3","4","2020-08-24 08:00:00","89","133","2020-12-14 19:00:13","2020-12-14 19:00:13"),
("171","3","4","2020-08-31 08:00:00","86","135","2020-12-14 19:00:13","2020-12-14 19:00:13"),
("172","3","4","2020-09-07 08:00:00","84","134","2020-12-14 19:00:13","2020-12-14 19:00:13"),
("173","3","4","2020-09-14 08:00:00","86","133","2020-12-14 19:00:13","2020-12-14 19:00:13"),
("174","3","4","2020-09-21 08:00:00","86","132","2020-12-14 19:00:13","2020-12-14 19:00:13"),
("175","3","4","2020-09-28 08:00:00","85","132","2020-12-14 19:00:13","2020-12-14 19:00:13"),
("176","3","4","2020-10-05 08:00:00","88","135","2020-12-14 19:00:13","2020-12-14 19:00:13"),
("177","3","4","2020-10-12 08:00:00","86","136","2020-12-14 19:00:13","2020-12-14 19:00:13"),
("178","3","4","2020-10-19 08:00:00","87","135","2020-12-14 19:00:13","2020-12-14 19:00:13"),
("179","3","4","2020-10-26 08:00:00","86","137","2020-12-14 19:00:13","2020-12-14 19:00:13"),
("180","3","4","2020-11-02 08:00:00","88","137","2020-12-14 19:00:13","2020-12-14 19:00:13"),
("181","3","4","2020-11-09 08:00:00","87","138","2020-12-14 19:00:13","2020-12-14 19:00:13"),
("182","3","4","2020-11-16 08:00:00","88","140","2020-12-14 19:00:13","2020-12-14 19:00:13"),
("183","3","4","2020-11-23 08:00:00","88","143","2020-12-14 19:00:13","2020-12-14 19:00:13"),
("184","3","4","2020-11-30 08:00:00","85","130","2020-12-14 19:00:13","2020-12-14 19:00:13"),
("185","3","4","2020-12-07 08:00:00","82","127","2020-12-14 19:00:13","2020-12-14 19:00:13"),
("186","3","4","2020-12-14 08:00:00","80","120","2020-12-14 19:00:13","2020-12-14 19:00:13"),
("187","1","16","2019-10-14 08:00:00","80","128","2020-12-14 19:00:13","2020-12-14 19:00:13"),
("188","1","16","2019-10-21 08:00:00","80","128","2020-12-14 19:00:13","2020-12-14 19:00:13"),
("189","1","16","2019-10-28 08:00:00","80","128","2020-12-14 19:00:13","2020-12-14 19:00:13"),
("190","1","16","2019-11-04 08:00:00","80","128","2020-12-14 19:00:13","2020-12-14 19:00:13"),
("191","1","16","2019-11-11 08:00:00","81","128","2020-12-14 19:00:13","2020-12-14 19:00:13"),
("192","1","16","2019-11-18 08:00:00","80","128","2020-12-14 19:00:13","2020-12-14 19:00:13"),
("193","1","16","2019-11-25 08:00:00","80","128","2020-12-14 19:00:13","2020-12-14 19:00:13"),
("194","1","16","2019-12-02 08:00:00","80","128","2020-12-14 19:00:13","2020-12-14 19:00:13"),
("195","1","16","2019-12-09 08:00:00","80","127","2020-12-14 19:00:13","2020-12-14 19:00:13"),
("196","1","16","2019-12-16 08:00:00","83","128","2020-12-14 19:00:13","2020-12-14 19:00:13"),
("197","1","16","2019-12-23 08:00:00","80","128","2020-12-14 19:00:13","2020-12-14 19:00:13"),
("198","1","16","2019-12-30 08:00:00","80","128","2020-12-14 19:00:13","2020-12-14 19:00:13"),
("199","1","16","2020-01-06 08:00:00","82","128","2020-12-14 19:00:13","2020-12-14 19:00:13"),
("200","1","16","2020-01-13 08:00:00","80","128","2020-12-14 19:00:13","2020-12-14 19:00:13");
INSERT INTO Patient_Device_BP VALUES
("201","1","16","2020-01-20 08:00:00","80","128","2020-12-14 19:00:13","2020-12-14 19:00:13"),
("202","1","16","2020-01-27 08:00:00","80","128","2020-12-14 19:00:13","2020-12-14 19:00:13"),
("203","1","16","2020-02-03 08:00:00","80","128","2020-12-14 19:00:13","2020-12-14 19:00:13"),
("204","1","16","2020-02-10 08:00:00","83","127","2020-12-14 19:00:13","2020-12-14 19:00:13"),
("205","1","16","2020-02-17 08:00:00","80","128","2020-12-14 19:00:13","2020-12-14 19:00:13"),
("206","1","16","2020-02-24 08:00:00","80","128","2020-12-14 19:00:13","2020-12-14 19:00:13"),
("207","1","16","2020-03-02 08:00:00","80","129","2020-12-14 19:00:13","2020-12-14 19:00:13"),
("208","1","16","2020-03-09 08:00:00","80","128","2020-12-14 19:00:13","2020-12-14 19:00:13"),
("209","1","16","2020-03-16 08:00:00","82","127","2020-12-14 19:00:13","2020-12-14 19:00:13"),
("210","1","16","2020-03-23 08:00:00","80","128","2020-12-14 19:00:13","2020-12-14 19:00:13"),
("211","1","16","2020-03-30 08:00:00","80","128","2020-12-14 19:00:13","2020-12-14 19:00:13"),
("212","1","16","2020-04-06 08:00:00","80","128","2020-12-14 19:00:13","2020-12-14 19:00:13"),
("213","1","16","2020-04-13 08:00:00","80","129","2020-12-14 19:00:13","2020-12-14 19:00:13"),
("214","1","16","2020-04-20 08:00:00","81","128","2020-12-14 19:00:13","2020-12-14 19:00:13"),
("215","1","16","2020-04-27 08:00:00","80","128","2020-12-14 19:00:13","2020-12-14 19:00:13"),
("216","1","16","2020-05-04 08:00:00","80","128","2020-12-14 19:00:13","2020-12-14 19:00:13"),
("217","1","16","2020-05-11 08:00:00","80","128","2020-12-14 19:00:13","2020-12-14 19:00:13"),
("218","1","16","2020-05-18 08:00:00","80","128","2020-12-14 19:00:13","2020-12-14 19:00:13"),
("219","1","16","2020-05-25 08:00:00","83","127","2020-12-14 19:00:13","2020-12-14 19:00:13"),
("220","1","16","2020-06-01 08:00:00","80","128","2020-12-14 19:00:13","2020-12-14 19:00:13"),
("221","1","16","2020-06-08 08:00:00","80","128","2020-12-14 19:00:13","2020-12-14 19:00:13"),
("222","1","16","2020-06-15 08:00:00","80","128","2020-12-14 19:00:13","2020-12-14 19:00:13"),
("223","1","16","2020-06-22 08:00:00","80","128","2020-12-14 19:00:13","2020-12-14 19:00:13"),
("224","1","16","2020-06-29 08:00:00","80","126","2020-12-14 19:00:13","2020-12-14 19:00:13"),
("225","1","16","2020-07-06 08:00:00","83","128","2020-12-14 19:00:13","2020-12-14 19:00:13"),
("226","1","16","2020-07-13 08:00:00","80","128","2020-12-14 19:00:13","2020-12-14 19:00:13"),
("227","1","16","2020-07-20 08:00:00","80","128","2020-12-14 19:00:13","2020-12-14 19:00:13"),
("228","1","16","2020-07-27 08:00:00","80","128","2020-12-14 19:00:13","2020-12-14 19:00:13"),
("229","1","16","2020-08-03 08:00:00","80","128","2020-12-14 19:00:13","2020-12-14 19:00:13"),
("230","1","16","2020-08-10 08:00:00","82","128","2020-12-14 19:00:13","2020-12-14 19:00:13"),
("231","1","16","2020-08-17 08:00:00","80","127","2020-12-14 19:00:13","2020-12-14 19:00:13"),
("232","1","16","2020-08-24 08:00:00","80","128","2020-12-14 19:00:13","2020-12-14 19:00:13"),
("233","1","16","2020-08-31 08:00:00","80","128","2020-12-14 19:00:13","2020-12-14 19:00:13"),
("234","1","16","2020-09-07 08:00:00","80","128","2020-12-14 19:00:13","2020-12-14 19:00:13"),
("235","1","16","2020-09-14 08:00:00","81","129","2020-12-14 19:00:13","2020-12-14 19:00:13"),
("236","1","16","2020-09-21 08:00:00","80","128","2020-12-14 19:00:13","2020-12-14 19:00:13"),
("237","1","16","2020-09-28 08:00:00","80","128","2020-12-14 19:00:13","2020-12-14 19:00:13"),
("238","1","16","2020-10-05 08:00:00","88","131","2020-12-14 19:00:13","2020-12-14 19:00:13"),
("239","1","16","2020-10-12 08:00:00","85","130","2020-12-14 19:00:13","2020-12-14 19:00:13"),
("240","1","16","2020-10-19 08:00:00","88","138","2020-12-14 19:00:13","2020-12-14 19:00:13"),
("241","1","16","2020-10-26 08:00:00","90","136","2020-12-14 19:00:13","2020-12-14 19:00:13"),
("242","1","16","2020-11-02 08:00:00","88","140","2020-12-14 19:00:13","2020-12-14 19:00:13"),
("243","1","16","2020-11-09 08:00:00","89","138","2020-12-14 19:00:13","2020-12-14 19:00:13"),
("244","1","16","2020-11-16 08:00:00","89","137","2020-12-14 19:00:13","2020-12-14 19:00:13"),
("245","1","16","2020-11-23 08:00:00","90","136","2020-12-14 19:00:13","2020-12-14 19:00:13"),
("246","1","16","2020-11-30 08:00:00","89","138","2020-12-14 19:00:13","2020-12-14 19:00:13"),
("247","1","16","2020-12-07 08:00:00","90","140","2020-12-14 19:00:13","2020-12-14 19:00:13"),
("248","1","16","2020-12-14 08:00:00","118","180","2020-12-14 19:00:13","2020-12-14 19:00:13"),
("249","22","2","2020-10-14 08:00:00","82","122","2020-12-14 19:00:13","2020-12-14 19:00:13"),
("250","22","2","2020-10-19 08:00:00","81","123","2020-12-14 19:00:13","2020-12-14 19:00:13"),
("251","22","2","2020-10-26 08:00:00","80","120","2020-12-14 19:00:13","2020-12-14 19:00:13"),
("252","22","2","2020-11-02 08:00:00","81","124","2020-12-14 19:00:13","2020-12-14 19:00:13"),
("253","22","2","2020-11-09 08:00:00","81","122","2020-12-14 19:00:13","2020-12-14 19:00:13"),
("254","22","2","2020-11-16 08:00:00","80","123","2020-12-14 19:00:13","2020-12-14 19:00:13"),
("255","22","2","2020-11-23 08:00:00","79","121","2020-12-14 19:00:13","2020-12-14 19:00:13"),
("256","22","2","2020-11-30 08:00:00","76","118","2020-12-14 19:00:13","2020-12-14 19:00:13"),
("257","22","2","2020-12-07 08:00:00","75","116","2020-12-14 19:00:13","2020-12-14 19:00:13"),
("258","22","2","2020-12-14 08:00:00","75","110","2020-12-14 19:00:13","2020-12-14 19:00:13"),
("259","21","8","2020-10-12 08:00:00","85","126","2020-12-14 19:00:13","2020-12-14 19:00:13"),
("260","21","8","2020-10-14 08:00:00","85","128","2020-12-14 19:00:13","2020-12-14 19:00:13"),
("261","21","8","2020-10-19 08:00:00","84","128","2020-12-14 19:00:13","2020-12-14 19:00:13"),
("262","21","8","2020-10-26 08:00:00","83","127","2020-12-14 19:00:13","2020-12-14 19:00:13"),
("263","21","8","2020-11-02 08:00:00","83","128","2020-12-14 19:00:13","2020-12-14 19:00:13"),
("264","21","8","2020-11-09 08:00:00","82","127","2020-12-14 19:00:13","2020-12-14 19:00:13"),
("265","21","8","2020-11-16 08:00:00","83","128","2020-12-14 19:00:13","2020-12-14 19:00:13"),
("266","21","8","2020-11-23 08:00:00","83","129","2020-12-14 19:00:13","2020-12-14 19:00:13"),
("267","21","8","2020-11-30 08:00:00","82","127","2020-12-14 19:00:13","2020-12-14 19:00:13"),
("268","21","8","2020-12-07 08:00:00","83","128","2020-12-14 19:00:13","2020-12-14 19:00:13"),
("269","21","8","2020-12-14 08:00:00","86","134","2020-12-14 19:00:13","2020-12-14 19:00:13"),
("270","4","10","2020-10-18 08:00:00","78","119","2020-12-14 19:00:13","2020-12-14 19:00:13"),
("271","4","10","2020-10-26 08:00:00","80","118","2020-12-14 19:00:13","2020-12-14 19:00:13"),
("272","4","10","2020-11-02 08:00:00","79","119","2020-12-14 19:00:13","2020-12-14 19:00:13"),
("273","4","10","2020-11-09 08:00:00","80","116","2020-12-14 19:00:13","2020-12-14 19:00:13"),
("274","4","10","2020-11-16 08:00:00","80","115","2020-12-14 19:00:13","2020-12-14 19:00:13"),
("275","4","10","2020-11-23 08:00:00","79","116","2020-12-14 19:00:13","2020-12-14 19:00:13"),
("276","4","10","2020-11-30 08:00:00","80","118","2020-12-14 19:00:13","2020-12-14 19:00:13"),
("277","4","10","2020-12-07 08:00:00","78","113","2020-12-14 19:00:13","2020-12-14 19:00:13"),
("278","4","10","2020-12-14 08:00:00","75","112","2020-12-14 19:00:13","2020-12-14 19:00:13"),
("279","15","9","2020-10-16 08:00:00","87","124","2020-12-14 19:00:13","2020-12-14 19:00:13"),
("280","15","9","2020-10-26 08:00:00","87","125","2020-12-14 19:00:13","2020-12-14 19:00:13"),
("281","15","9","2020-11-02 08:00:00","86","123","2020-12-14 19:00:13","2020-12-14 19:00:13"),
("282","15","9","2020-11-09 08:00:00","84","121","2020-12-14 19:00:13","2020-12-14 19:00:13"),
("283","15","9","2020-11-16 08:00:00","82","120","2020-12-14 19:00:13","2020-12-14 19:00:13"),
("284","15","9","2020-11-23 08:00:00","81","120","2020-12-14 19:00:13","2020-12-14 19:00:13"),
("285","15","9","2020-11-30 08:00:00","82","121","2020-12-14 19:00:13","2020-12-14 19:00:13"),
("286","15","9","2020-12-03 08:00:00","80","122","2020-12-14 19:00:13","2020-12-14 19:00:13"),
("287","19","38","2020-10-18 08:00:00","76","118","2020-12-14 19:00:13","2020-12-14 19:00:13"),
("288","19","38","2020-10-26 08:00:00","72","118","2020-12-14 19:00:13","2020-12-14 19:00:13"),
("289","19","38","2020-11-02 08:00:00","73","117","2020-12-14 19:00:13","2020-12-14 19:00:13"),
("290","19","38","2020-11-09 08:00:00","71","115","2020-12-14 19:00:13","2020-12-14 19:00:13"),
("291","19","38","2020-11-16 08:00:00","72","116","2020-12-14 19:00:13","2020-12-14 19:00:13"),
("292","19","38","2020-11-23 08:00:00","73","115","2020-12-14 19:00:13","2020-12-14 19:00:13"),
("293","19","38","2020-11-30 08:00:00","72","114","2020-12-14 19:00:13","2020-12-14 19:00:13"),
("294","19","38","2020-12-06 00:00:00","72","118","2020-12-14 19:00:13","2020-12-14 19:00:13"),
("295","11","39","2020-10-12 08:00:00","80","123","2020-12-14 19:00:13","2020-12-14 19:00:13"),
("296","11","39","2020-10-18 08:00:00","81","121","2020-12-14 19:00:13","2020-12-14 19:00:13"),
("297","11","39","2020-10-26 08:00:00","80","124","2020-12-14 19:00:13","2020-12-14 19:00:13"),
("298","11","39","2020-11-02 08:00:00","79","120","2020-12-14 19:00:13","2020-12-14 19:00:13"),
("299","11","39","2020-11-09 08:00:00","80","118","2020-12-14 19:00:13","2020-12-14 19:00:13"),
("300","11","39","2020-11-16 08:00:00","79","117","2020-12-14 19:00:13","2020-12-14 19:00:13");
INSERT INTO Patient_Device_BP VALUES
("301","11","39","2020-11-23 08:00:00","80","118","2020-12-14 19:00:13","2020-12-14 19:00:13"),
("302","11","39","2020-11-30 08:00:00","80","117","2020-12-14 19:00:13","2020-12-14 19:00:13");




CREATE TABLE `Patient_Device_Scale` (
  `id` int NOT NULL AUTO_INCREMENT,
  `lumi_patient_id` int NOT NULL,
  `patient_device_id` int NOT NULL,
  `reading_datetime` datetime NOT NULL,
  `weight_lbs` decimal(10,0) NOT NULL,
  `created_at` timestamp NOT NULL DEFAULT CURRENT_TIMESTAMP,
  `modified_at` timestamp NOT NULL DEFAULT CURRENT_TIMESTAMP,
  PRIMARY KEY (`id`)
) ENGINE=InnoDB AUTO_INCREMENT=381 DEFAULT CHARSET=utf8mb4 COLLATE=utf8mb4_0900_ai_ci;


INSERT INTO Patient_Device_Scale VALUES
("1","2","73","2019-10-14 08:00:00","281","2020-12-14 19:00:13","2020-12-14 19:00:13"),
("2","2","73","2019-10-21 08:00:00","280","2020-12-14 19:00:13","2020-12-14 19:00:13"),
("3","2","73","2019-10-28 08:00:00","283","2020-12-14 19:00:13","2020-12-14 19:00:13"),
("4","2","73","2019-11-04 08:00:00","282","2020-12-14 19:00:13","2020-12-14 19:00:13"),
("5","2","73","2019-11-11 08:00:00","281","2020-12-14 19:00:13","2020-12-14 19:00:13"),
("6","2","73","2019-11-18 08:00:00","281","2020-12-14 19:00:13","2020-12-14 19:00:13"),
("7","2","73","2019-11-25 08:00:00","281","2020-12-14 19:00:13","2020-12-14 19:00:13"),
("8","2","73","2019-12-02 08:00:00","288","2020-12-14 19:00:13","2020-12-14 19:00:13"),
("9","2","73","2019-12-09 08:00:00","285","2020-12-14 19:00:13","2020-12-14 19:00:13"),
("10","2","73","2019-12-16 08:00:00","287","2020-12-14 19:00:13","2020-12-14 19:00:13"),
("11","2","73","2019-12-23 08:00:00","286","2020-12-14 19:00:13","2020-12-14 19:00:13"),
("12","2","73","2019-12-30 08:00:00","285","2020-12-14 19:00:13","2020-12-14 19:00:13"),
("13","2","73","2020-01-06 08:00:00","288","2020-12-14 19:00:13","2020-12-14 19:00:13"),
("14","2","73","2020-01-13 08:00:00","287","2020-12-14 19:00:13","2020-12-14 19:00:13"),
("15","2","73","2020-01-20 08:00:00","287","2020-12-14 19:00:13","2020-12-14 19:00:13"),
("16","2","73","2020-01-27 08:00:00","290","2020-12-14 19:00:13","2020-12-14 19:00:13"),
("17","2","73","2020-02-03 08:00:00","289","2020-12-14 19:00:13","2020-12-14 19:00:13"),
("18","2","73","2020-02-10 08:00:00","287","2020-12-14 19:00:13","2020-12-14 19:00:13"),
("19","2","73","2020-02-17 08:00:00","290","2020-12-14 19:00:13","2020-12-14 19:00:13"),
("20","2","73","2020-02-24 08:00:00","288","2020-12-14 19:00:13","2020-12-14 19:00:13"),
("21","2","73","2020-03-02 08:00:00","290","2020-12-14 19:00:13","2020-12-14 19:00:13"),
("22","2","73","2020-03-09 08:00:00","290","2020-12-14 19:00:13","2020-12-14 19:00:13"),
("23","2","73","2020-03-16 08:00:00","290","2020-12-14 19:00:13","2020-12-14 19:00:13"),
("24","2","73","2020-03-23 08:00:00","290","2020-12-14 19:00:13","2020-12-14 19:00:13"),
("25","2","73","2020-03-30 08:00:00","290","2020-12-14 19:00:13","2020-12-14 19:00:13"),
("26","2","73","2020-04-06 08:00:00","290","2020-12-14 19:00:13","2020-12-14 19:00:13"),
("27","2","73","2020-04-13 08:00:00","285","2020-12-14 19:00:13","2020-12-14 19:00:13"),
("28","2","73","2020-04-20 08:00:00","288","2020-12-14 19:00:13","2020-12-14 19:00:13"),
("29","2","73","2020-04-27 08:00:00","285","2020-12-14 19:00:13","2020-12-14 19:00:13"),
("30","2","73","2020-05-04 08:00:00","288","2020-12-14 19:00:13","2020-12-14 19:00:13"),
("31","2","73","2020-05-11 08:00:00","285","2020-12-14 19:00:13","2020-12-14 19:00:13"),
("32","2","73","2020-05-18 08:00:00","288","2020-12-14 19:00:13","2020-12-14 19:00:13"),
("33","2","73","2020-05-25 08:00:00","285","2020-12-14 19:00:13","2020-12-14 19:00:13"),
("34","2","73","2020-06-01 08:00:00","288","2020-12-14 19:00:13","2020-12-14 19:00:13"),
("35","2","73","2020-06-08 08:00:00","285","2020-12-14 19:00:13","2020-12-14 19:00:13"),
("36","2","73","2020-06-15 08:00:00","288","2020-12-14 19:00:13","2020-12-14 19:00:13"),
("37","2","73","2020-06-22 08:00:00","285","2020-12-14 19:00:13","2020-12-14 19:00:13"),
("38","2","73","2020-06-29 08:00:00","288","2020-12-14 19:00:13","2020-12-14 19:00:13"),
("39","2","73","2020-07-06 08:00:00","285","2020-12-14 19:00:13","2020-12-14 19:00:13"),
("40","2","73","2020-07-13 08:00:00","288","2020-12-14 19:00:13","2020-12-14 19:00:13"),
("41","2","73","2020-07-20 08:00:00","285","2020-12-14 19:00:13","2020-12-14 19:00:13"),
("42","2","73","2020-07-27 08:00:00","288","2020-12-14 19:00:13","2020-12-14 19:00:13"),
("43","2","73","2020-08-03 08:00:00","285","2020-12-14 19:00:13","2020-12-14 19:00:13"),
("44","2","73","2020-08-10 08:00:00","288","2020-12-14 19:00:13","2020-12-14 19:00:13"),
("45","2","73","2020-08-17 08:00:00","285","2020-12-14 19:00:13","2020-12-14 19:00:13"),
("46","2","73","2020-08-24 08:00:00","288","2020-12-14 19:00:13","2020-12-14 19:00:13"),
("47","2","73","2020-08-31 08:00:00","288","2020-12-14 19:00:13","2020-12-14 19:00:13"),
("48","2","73","2020-09-07 08:00:00","288","2020-12-14 19:00:13","2020-12-14 19:00:13"),
("49","2","73","2020-09-14 08:00:00","270","2020-12-14 19:00:13","2020-12-14 19:00:13"),
("50","2","73","2020-09-21 08:00:00","270","2020-12-14 19:00:13","2020-12-14 19:00:13"),
("51","2","73","2020-09-28 08:00:00","272","2020-12-14 19:00:13","2020-12-14 19:00:13"),
("52","2","73","2020-10-05 08:00:00","274","2020-12-14 19:00:13","2020-12-14 19:00:13"),
("53","2","73","2020-10-12 08:00:00","275","2020-12-14 19:00:13","2020-12-14 19:00:13"),
("54","2","73","2020-10-19 08:00:00","274","2020-12-14 19:00:13","2020-12-14 19:00:13"),
("55","2","73","2020-10-26 08:00:00","278","2020-12-14 19:00:13","2020-12-14 19:00:13"),
("56","2","73","2020-11-02 08:00:00","275","2020-12-14 19:00:13","2020-12-14 19:00:13"),
("57","2","73","2020-11-09 08:00:00","278","2020-12-14 19:00:13","2020-12-14 19:00:13"),
("58","2","73","2020-11-16 08:00:00","280","2020-12-14 19:00:13","2020-12-14 19:00:13"),
("59","2","73","2020-11-23 08:00:00","281","2020-12-14 19:00:13","2020-12-14 19:00:13"),
("60","2","73","2020-11-30 08:00:00","275","2020-12-14 19:00:13","2020-12-14 19:00:13"),
("61","2","73","2020-12-07 08:00:00","275","2020-12-14 19:00:13","2020-12-14 19:00:13"),
("62","2","73","2020-12-14 08:00:00","276","2020-12-14 19:00:13","2020-12-14 19:00:13"),
("63","25","80","2019-10-14 08:00:00","281","2020-12-14 19:00:13","2020-12-14 19:00:13"),
("64","25","80","2019-10-21 08:00:00","280","2020-12-14 19:00:13","2020-12-14 19:00:13"),
("65","25","80","2019-10-28 08:00:00","283","2020-12-14 19:00:13","2020-12-14 19:00:13"),
("66","25","80","2019-11-04 08:00:00","282","2020-12-14 19:00:13","2020-12-14 19:00:13"),
("67","25","80","2019-11-11 08:00:00","281","2020-12-14 19:00:13","2020-12-14 19:00:13"),
("68","25","80","2019-11-18 08:00:00","281","2020-12-14 19:00:13","2020-12-14 19:00:13"),
("69","25","80","2019-11-25 08:00:00","281","2020-12-14 19:00:13","2020-12-14 19:00:13"),
("70","25","80","2019-12-02 08:00:00","288","2020-12-14 19:00:13","2020-12-14 19:00:13"),
("71","25","80","2019-12-09 08:00:00","285","2020-12-14 19:00:13","2020-12-14 19:00:13"),
("72","25","80","2019-12-16 08:00:00","287","2020-12-14 19:00:13","2020-12-14 19:00:13"),
("73","25","80","2019-12-23 08:00:00","286","2020-12-14 19:00:13","2020-12-14 19:00:13"),
("74","25","80","2019-12-30 08:00:00","285","2020-12-14 19:00:13","2020-12-14 19:00:13"),
("75","25","80","2020-01-06 08:00:00","288","2020-12-14 19:00:13","2020-12-14 19:00:13"),
("76","25","80","2020-01-13 08:00:00","287","2020-12-14 19:00:13","2020-12-14 19:00:13"),
("77","25","80","2020-01-20 08:00:00","287","2020-12-14 19:00:13","2020-12-14 19:00:13"),
("78","25","80","2020-01-27 08:00:00","290","2020-12-14 19:00:13","2020-12-14 19:00:13"),
("79","25","80","2020-02-03 08:00:00","289","2020-12-14 19:00:13","2020-12-14 19:00:13"),
("80","25","80","2020-02-10 08:00:00","287","2020-12-14 19:00:13","2020-12-14 19:00:13"),
("81","25","80","2020-02-17 08:00:00","290","2020-12-14 19:00:13","2020-12-14 19:00:13"),
("82","25","80","2020-02-24 08:00:00","288","2020-12-14 19:00:13","2020-12-14 19:00:13"),
("83","25","80","2020-03-02 08:00:00","290","2020-12-14 19:00:13","2020-12-14 19:00:13"),
("84","25","80","2020-03-09 08:00:00","290","2020-12-14 19:00:13","2020-12-14 19:00:13"),
("85","25","80","2020-03-16 08:00:00","290","2020-12-14 19:00:13","2020-12-14 19:00:13"),
("86","25","80","2020-03-23 08:00:00","290","2020-12-14 19:00:13","2020-12-14 19:00:13"),
("87","25","80","2020-03-30 08:00:00","290","2020-12-14 19:00:13","2020-12-14 19:00:13"),
("88","25","80","2020-04-06 08:00:00","290","2020-12-14 19:00:13","2020-12-14 19:00:13"),
("89","25","80","2020-04-13 08:00:00","285","2020-12-14 19:00:13","2020-12-14 19:00:13"),
("90","25","80","2020-04-20 08:00:00","288","2020-12-14 19:00:13","2020-12-14 19:00:13"),
("91","25","80","2020-04-27 08:00:00","285","2020-12-14 19:00:13","2020-12-14 19:00:13"),
("92","25","80","2020-05-04 08:00:00","288","2020-12-14 19:00:13","2020-12-14 19:00:13"),
("93","25","80","2020-05-11 08:00:00","285","2020-12-14 19:00:13","2020-12-14 19:00:13"),
("94","25","80","2020-05-18 08:00:00","288","2020-12-14 19:00:13","2020-12-14 19:00:13"),
("95","25","80","2020-05-25 08:00:00","285","2020-12-14 19:00:13","2020-12-14 19:00:13"),
("96","25","80","2020-06-01 08:00:00","288","2020-12-14 19:00:13","2020-12-14 19:00:13"),
("97","25","80","2020-06-08 08:00:00","285","2020-12-14 19:00:13","2020-12-14 19:00:13"),
("98","25","80","2020-06-15 08:00:00","288","2020-12-14 19:00:13","2020-12-14 19:00:13"),
("99","25","80","2020-06-22 08:00:00","285","2020-12-14 19:00:13","2020-12-14 19:00:13"),
("100","25","80","2020-06-29 08:00:00","288","2020-12-14 19:00:13","2020-12-14 19:00:13");
INSERT INTO Patient_Device_Scale VALUES
("101","25","80","2020-07-06 08:00:00","285","2020-12-14 19:00:13","2020-12-14 19:00:13"),
("102","25","80","2020-07-13 08:00:00","288","2020-12-14 19:00:13","2020-12-14 19:00:13"),
("103","25","80","2020-07-20 08:00:00","285","2020-12-14 19:00:13","2020-12-14 19:00:13"),
("104","25","80","2020-07-27 08:00:00","288","2020-12-14 19:00:13","2020-12-14 19:00:13"),
("105","25","80","2020-08-03 08:00:00","285","2020-12-14 19:00:13","2020-12-14 19:00:13"),
("106","25","80","2020-08-10 08:00:00","288","2020-12-14 19:00:13","2020-12-14 19:00:13"),
("107","25","80","2020-08-17 08:00:00","285","2020-12-14 19:00:13","2020-12-14 19:00:13"),
("108","25","80","2020-08-24 08:00:00","288","2020-12-14 19:00:13","2020-12-14 19:00:13"),
("109","25","80","2020-08-31 08:00:00","288","2020-12-14 19:00:13","2020-12-14 19:00:13"),
("110","25","80","2020-09-07 08:00:00","288","2020-12-14 19:00:13","2020-12-14 19:00:13"),
("111","25","80","2020-09-14 08:00:00","270","2020-12-14 19:00:13","2020-12-14 19:00:13"),
("112","25","80","2020-09-21 08:00:00","270","2020-12-14 19:00:13","2020-12-14 19:00:13"),
("113","25","80","2020-09-28 08:00:00","272","2020-12-14 19:00:13","2020-12-14 19:00:13"),
("114","25","80","2020-10-05 08:00:00","274","2020-12-14 19:00:13","2020-12-14 19:00:13"),
("115","25","80","2020-10-12 08:00:00","275","2020-12-14 19:00:13","2020-12-14 19:00:13"),
("116","25","80","2020-10-19 08:00:00","274","2020-12-14 19:00:13","2020-12-14 19:00:13"),
("117","25","80","2020-10-26 08:00:00","278","2020-12-14 19:00:13","2020-12-14 19:00:13"),
("118","25","80","2020-11-02 08:00:00","275","2020-12-14 19:00:13","2020-12-14 19:00:13"),
("119","25","80","2020-11-09 08:00:00","278","2020-12-14 19:00:13","2020-12-14 19:00:13"),
("120","25","80","2020-11-16 08:00:00","280","2020-12-14 19:00:13","2020-12-14 19:00:13"),
("121","25","80","2020-11-23 08:00:00","281","2020-12-14 19:00:13","2020-12-14 19:00:13"),
("122","25","80","2020-11-30 08:00:00","275","2020-12-14 19:00:13","2020-12-14 19:00:13"),
("123","25","80","2020-12-07 08:00:00","274","2020-12-14 19:00:13","2020-12-14 19:00:13"),
("124","25","80","2020-12-14 08:00:00","276","2020-12-14 19:00:13","2020-12-14 19:00:13"),
("125","3","74","2019-10-14 08:00:00","181","2020-12-14 19:00:13","2020-12-14 19:00:13"),
("126","3","74","2019-10-21 08:00:00","180","2020-12-14 19:00:13","2020-12-14 19:00:13"),
("127","3","74","2019-10-28 08:00:00","183","2020-12-14 19:00:13","2020-12-14 19:00:13"),
("128","3","74","2019-11-04 08:00:00","182","2020-12-14 19:00:13","2020-12-14 19:00:13"),
("129","3","74","2019-11-11 08:00:00","181","2020-12-14 19:00:13","2020-12-14 19:00:13"),
("130","3","74","2019-11-18 08:00:00","181","2020-12-14 19:00:13","2020-12-14 19:00:13"),
("131","3","74","2019-11-25 08:00:00","181","2020-12-14 19:00:13","2020-12-14 19:00:13"),
("132","3","74","2019-12-02 08:00:00","188","2020-12-14 19:00:13","2020-12-14 19:00:13"),
("133","3","74","2019-12-09 08:00:00","185","2020-12-14 19:00:13","2020-12-14 19:00:13"),
("134","3","74","2019-12-16 08:00:00","187","2020-12-14 19:00:13","2020-12-14 19:00:13"),
("135","3","74","2019-12-23 08:00:00","186","2020-12-14 19:00:13","2020-12-14 19:00:13"),
("136","3","74","2019-12-30 08:00:00","185","2020-12-14 19:00:13","2020-12-14 19:00:13"),
("137","3","74","2020-01-06 08:00:00","188","2020-12-14 19:00:13","2020-12-14 19:00:13"),
("138","3","74","2020-01-13 08:00:00","187","2020-12-14 19:00:13","2020-12-14 19:00:13"),
("139","3","74","2020-01-20 08:00:00","187","2020-12-14 19:00:13","2020-12-14 19:00:13"),
("140","3","74","2020-01-27 08:00:00","190","2020-12-14 19:00:13","2020-12-14 19:00:13"),
("141","3","74","2020-02-03 08:00:00","189","2020-12-14 19:00:13","2020-12-14 19:00:13"),
("142","3","74","2020-02-10 08:00:00","187","2020-12-14 19:00:13","2020-12-14 19:00:13"),
("143","3","74","2020-02-17 08:00:00","190","2020-12-14 19:00:13","2020-12-14 19:00:13"),
("144","3","74","2020-02-24 08:00:00","188","2020-12-14 19:00:13","2020-12-14 19:00:13"),
("145","3","74","2020-03-02 08:00:00","190","2020-12-14 19:00:13","2020-12-14 19:00:13"),
("146","3","74","2020-03-09 08:00:00","190","2020-12-14 19:00:13","2020-12-14 19:00:13"),
("147","3","74","2020-03-16 08:00:00","190","2020-12-14 19:00:13","2020-12-14 19:00:13"),
("148","3","74","2020-03-23 08:00:00","190","2020-12-14 19:00:13","2020-12-14 19:00:13"),
("149","3","74","2020-03-30 08:00:00","190","2020-12-14 19:00:13","2020-12-14 19:00:13"),
("150","3","74","2020-04-06 08:00:00","190","2020-12-14 19:00:13","2020-12-14 19:00:13"),
("151","3","74","2020-04-13 08:00:00","185","2020-12-14 19:00:13","2020-12-14 19:00:13"),
("152","3","74","2020-04-20 08:00:00","188","2020-12-14 19:00:13","2020-12-14 19:00:13"),
("153","3","74","2020-04-27 08:00:00","185","2020-12-14 19:00:13","2020-12-14 19:00:13"),
("154","3","74","2020-05-04 08:00:00","188","2020-12-14 19:00:13","2020-12-14 19:00:13"),
("155","3","74","2020-05-11 08:00:00","185","2020-12-14 19:00:13","2020-12-14 19:00:13"),
("156","3","74","2020-05-18 08:00:00","188","2020-12-14 19:00:13","2020-12-14 19:00:13"),
("157","3","74","2020-05-25 08:00:00","185","2020-12-14 19:00:13","2020-12-14 19:00:13"),
("158","3","74","2020-06-01 08:00:00","188","2020-12-14 19:00:13","2020-12-14 19:00:13"),
("159","3","74","2020-06-08 08:00:00","185","2020-12-14 19:00:13","2020-12-14 19:00:13"),
("160","3","74","2020-06-15 08:00:00","188","2020-12-14 19:00:13","2020-12-14 19:00:13"),
("161","3","74","2020-06-22 08:00:00","185","2020-12-14 19:00:13","2020-12-14 19:00:13"),
("162","3","74","2020-06-29 08:00:00","188","2020-12-14 19:00:13","2020-12-14 19:00:13"),
("163","3","74","2020-07-06 08:00:00","185","2020-12-14 19:00:13","2020-12-14 19:00:13"),
("164","3","74","2020-07-13 08:00:00","188","2020-12-14 19:00:13","2020-12-14 19:00:13"),
("165","3","74","2020-07-20 08:00:00","185","2020-12-14 19:00:13","2020-12-14 19:00:13"),
("166","3","74","2020-07-27 08:00:00","188","2020-12-14 19:00:13","2020-12-14 19:00:13"),
("167","3","74","2020-08-03 08:00:00","185","2020-12-14 19:00:13","2020-12-14 19:00:13"),
("168","3","74","2020-08-10 08:00:00","188","2020-12-14 19:00:13","2020-12-14 19:00:13"),
("169","3","74","2020-08-17 08:00:00","185","2020-12-14 19:00:13","2020-12-14 19:00:13"),
("170","3","74","2020-08-24 08:00:00","188","2020-12-14 19:00:13","2020-12-14 19:00:13"),
("171","3","74","2020-08-31 08:00:00","188","2020-12-14 19:00:13","2020-12-14 19:00:13"),
("172","3","74","2020-09-07 08:00:00","188","2020-12-14 19:00:13","2020-12-14 19:00:13"),
("173","3","74","2020-09-14 08:00:00","188","2020-12-14 19:00:13","2020-12-14 19:00:13"),
("174","3","74","2020-09-21 08:00:00","186","2020-12-14 19:00:13","2020-12-14 19:00:13"),
("175","3","74","2020-09-28 08:00:00","188","2020-12-14 19:00:13","2020-12-14 19:00:13"),
("176","3","74","2020-10-05 08:00:00","188","2020-12-14 19:00:13","2020-12-14 19:00:13"),
("177","3","74","2020-10-12 08:00:00","186","2020-12-14 19:00:13","2020-12-14 19:00:13"),
("178","3","74","2020-10-19 08:00:00","187","2020-12-14 19:00:13","2020-12-14 19:00:13"),
("179","3","74","2020-10-26 08:00:00","185","2020-12-14 19:00:13","2020-12-14 19:00:13"),
("180","3","74","2020-11-02 08:00:00","181","2020-12-14 19:00:13","2020-12-14 19:00:13"),
("181","3","74","2020-11-09 08:00:00","180","2020-12-14 19:00:13","2020-12-14 19:00:13"),
("182","3","74","2020-11-16 08:00:00","181","2020-12-14 19:00:13","2020-12-14 19:00:13"),
("183","3","74","2020-11-23 08:00:00","182","2020-12-14 19:00:13","2020-12-14 19:00:13"),
("184","3","74","2020-11-30 08:00:00","180","2020-12-14 19:00:13","2020-12-14 19:00:13"),
("185","3","74","2020-12-07 08:00:00","181","2020-12-14 19:00:13","2020-12-14 19:00:13"),
("186","3","74","2020-12-14 08:00:00","185","2020-12-14 19:00:13","2020-12-14 19:00:13"),
("187","1","82","2019-10-14 08:00:00","281","2020-12-14 19:00:13","2020-12-14 19:00:13"),
("188","1","82","2019-10-21 08:00:00","280","2020-12-14 19:00:13","2020-12-14 19:00:13"),
("189","1","82","2019-10-28 08:00:00","283","2020-12-14 19:00:13","2020-12-14 19:00:13"),
("190","1","82","2019-11-04 08:00:00","282","2020-12-14 19:00:13","2020-12-14 19:00:13"),
("191","1","82","2019-11-11 08:00:00","281","2020-12-14 19:00:13","2020-12-14 19:00:13"),
("192","1","82","2019-11-18 08:00:00","281","2020-12-14 19:00:13","2020-12-14 19:00:13"),
("193","1","82","2019-11-25 08:00:00","281","2020-12-14 19:00:13","2020-12-14 19:00:13"),
("194","1","82","2019-12-02 08:00:00","288","2020-12-14 19:00:13","2020-12-14 19:00:13"),
("195","1","82","2019-12-09 08:00:00","285","2020-12-14 19:00:13","2020-12-14 19:00:13"),
("196","1","82","2019-12-16 08:00:00","287","2020-12-14 19:00:13","2020-12-14 19:00:13"),
("197","1","82","2019-12-23 08:00:00","286","2020-12-14 19:00:13","2020-12-14 19:00:13"),
("198","1","82","2019-12-30 08:00:00","285","2020-12-14 19:00:13","2020-12-14 19:00:13"),
("199","1","82","2020-01-06 08:00:00","288","2020-12-14 19:00:13","2020-12-14 19:00:13"),
("200","1","82","2020-01-13 08:00:00","287","2020-12-14 19:00:13","2020-12-14 19:00:13");
INSERT INTO Patient_Device_Scale VALUES
("201","1","82","2020-01-20 08:00:00","287","2020-12-14 19:00:13","2020-12-14 19:00:13"),
("202","1","82","2020-01-27 08:00:00","290","2020-12-14 19:00:13","2020-12-14 19:00:13"),
("203","1","82","2020-02-03 08:00:00","289","2020-12-14 19:00:13","2020-12-14 19:00:13"),
("204","1","82","2020-02-10 08:00:00","287","2020-12-14 19:00:13","2020-12-14 19:00:13"),
("205","1","82","2020-02-17 08:00:00","290","2020-12-14 19:00:13","2020-12-14 19:00:13"),
("206","1","82","2020-02-24 08:00:00","288","2020-12-14 19:00:13","2020-12-14 19:00:13"),
("207","1","82","2020-03-02 08:00:00","290","2020-12-14 19:00:13","2020-12-14 19:00:13"),
("208","1","82","2020-03-09 08:00:00","290","2020-12-14 19:00:13","2020-12-14 19:00:13"),
("209","1","82","2020-03-16 08:00:00","290","2020-12-14 19:00:13","2020-12-14 19:00:13"),
("210","1","82","2020-03-23 08:00:00","290","2020-12-14 19:00:13","2020-12-14 19:00:13"),
("211","1","82","2020-03-30 08:00:00","290","2020-12-14 19:00:13","2020-12-14 19:00:13"),
("212","1","82","2020-04-06 08:00:00","290","2020-12-14 19:00:13","2020-12-14 19:00:13"),
("213","1","82","2020-04-13 08:00:00","285","2020-12-14 19:00:13","2020-12-14 19:00:13"),
("214","1","82","2020-04-20 08:00:00","288","2020-12-14 19:00:13","2020-12-14 19:00:13"),
("215","1","82","2020-04-27 08:00:00","285","2020-12-14 19:00:13","2020-12-14 19:00:13"),
("216","1","82","2020-05-04 08:00:00","288","2020-12-14 19:00:13","2020-12-14 19:00:13"),
("217","1","82","2020-05-11 08:00:00","285","2020-12-14 19:00:13","2020-12-14 19:00:13"),
("218","1","82","2020-05-18 08:00:00","288","2020-12-14 19:00:13","2020-12-14 19:00:13"),
("219","1","82","2020-05-25 08:00:00","285","2020-12-14 19:00:13","2020-12-14 19:00:13"),
("220","1","82","2020-06-01 08:00:00","288","2020-12-14 19:00:13","2020-12-14 19:00:13"),
("221","1","82","2020-06-08 08:00:00","285","2020-12-14 19:00:13","2020-12-14 19:00:13"),
("222","1","82","2020-06-15 08:00:00","288","2020-12-14 19:00:13","2020-12-14 19:00:13"),
("223","1","82","2020-06-22 08:00:00","285","2020-12-14 19:00:13","2020-12-14 19:00:13"),
("224","1","82","2020-06-29 08:00:00","288","2020-12-14 19:00:13","2020-12-14 19:00:13"),
("225","1","82","2020-07-06 08:00:00","285","2020-12-14 19:00:13","2020-12-14 19:00:13"),
("226","1","82","2020-07-13 08:00:00","288","2020-12-14 19:00:13","2020-12-14 19:00:13"),
("227","1","82","2020-07-20 08:00:00","285","2020-12-14 19:00:13","2020-12-14 19:00:13"),
("228","1","82","2020-07-27 08:00:00","288","2020-12-14 19:00:13","2020-12-14 19:00:13"),
("229","1","82","2020-08-03 08:00:00","285","2020-12-14 19:00:13","2020-12-14 19:00:13"),
("230","1","82","2020-08-10 08:00:00","288","2020-12-14 19:00:13","2020-12-14 19:00:13"),
("231","1","82","2020-08-17 08:00:00","285","2020-12-14 19:00:13","2020-12-14 19:00:13"),
("232","1","82","2020-08-24 08:00:00","288","2020-12-14 19:00:13","2020-12-14 19:00:13"),
("233","1","82","2020-08-31 08:00:00","288","2020-12-14 19:00:13","2020-12-14 19:00:13"),
("234","1","82","2020-09-07 08:00:00","288","2020-12-14 19:00:13","2020-12-14 19:00:13"),
("235","1","82","2020-09-14 08:00:00","270","2020-12-14 19:00:13","2020-12-14 19:00:13"),
("236","1","82","2020-09-21 08:00:00","270","2020-12-14 19:00:13","2020-12-14 19:00:13"),
("237","1","82","2020-09-28 08:00:00","272","2020-12-14 19:00:13","2020-12-14 19:00:13"),
("238","1","82","2020-10-05 08:00:00","274","2020-12-14 19:00:13","2020-12-14 19:00:13"),
("239","1","82","2020-10-12 08:00:00","275","2020-12-14 19:00:13","2020-12-14 19:00:13"),
("240","1","82","2020-10-19 08:00:00","274","2020-12-14 19:00:13","2020-12-14 19:00:13"),
("241","1","82","2020-10-26 08:00:00","278","2020-12-14 19:00:13","2020-12-14 19:00:13"),
("242","1","82","2020-11-02 08:00:00","275","2020-12-14 19:00:13","2020-12-14 19:00:13"),
("243","1","82","2020-11-09 08:00:00","280","2020-12-14 19:00:13","2020-12-14 19:00:13"),
("244","1","82","2020-11-16 08:00:00","280","2020-12-14 19:00:13","2020-12-14 19:00:13"),
("245","1","82","2020-11-23 08:00:00","279","2020-12-14 19:00:13","2020-12-14 19:00:13"),
("246","1","82","2020-11-30 08:00:00","280","2020-12-14 19:00:13","2020-12-14 19:00:13"),
("247","1","82","2020-12-07 08:00:00","282","2020-12-14 19:00:13","2020-12-14 19:00:13"),
("248","1","82","2020-12-14 08:00:00","288","2020-12-14 19:00:13","2020-12-14 19:00:13"),
("249","5","95","2020-08-17 08:00:00","354","2020-12-14 19:00:13","2020-12-14 19:00:13"),
("250","5","95","2020-08-24 08:00:00","349","2020-12-14 19:00:13","2020-12-14 19:00:13"),
("251","5","95","2020-08-31 08:00:00","351","2020-12-14 19:00:13","2020-12-14 19:00:13"),
("252","5","95","2020-09-07 08:00:00","347","2020-12-14 19:00:13","2020-12-14 19:00:13"),
("253","5","95","2020-09-14 08:00:00","348","2020-12-14 19:00:13","2020-12-14 19:00:13"),
("254","5","95","2020-09-21 08:00:00","345","2020-12-14 19:00:13","2020-12-14 19:00:13"),
("255","5","95","2020-09-28 08:00:00","346","2020-12-14 19:00:13","2020-12-14 19:00:13"),
("256","5","95","2020-10-05 08:00:00","343","2020-12-14 19:00:13","2020-12-14 19:00:13"),
("257","5","95","2020-10-12 08:00:00","347","2020-12-14 19:00:13","2020-12-14 19:00:13"),
("258","5","95","2020-10-19 08:00:00","348","2020-12-14 19:00:13","2020-12-14 19:00:13"),
("259","5","95","2020-10-26 08:00:00","345","2020-12-14 19:00:13","2020-12-14 19:00:13"),
("260","5","95","2020-11-02 08:00:00","343","2020-12-14 19:00:13","2020-12-14 19:00:13"),
("261","5","95","2020-11-09 08:00:00","344","2020-12-14 19:00:13","2020-12-14 19:00:13"),
("262","5","95","2020-11-16 08:00:00","361","2020-12-14 19:00:13","2020-12-14 19:00:13"),
("263","5","95","2020-11-23 08:00:00","358","2020-12-14 19:00:13","2020-12-14 19:00:13"),
("264","5","95","2020-11-30 08:00:00","356","2020-12-14 19:00:13","2020-12-14 19:00:13"),
("265","5","95","2020-12-07 08:00:00","357","2020-12-14 19:00:13","2020-12-14 19:00:13"),
("266","5","95","2020-12-14 08:00:00","365","2020-12-14 19:00:13","2020-12-14 19:00:13"),
("267","27","97","2020-07-06 08:00:00","300","2020-12-14 19:00:13","2020-12-14 19:00:13"),
("268","27","97","2020-07-13 08:00:00","298","2020-12-14 19:00:13","2020-12-14 19:00:13"),
("269","27","97","2020-07-20 08:00:00","298","2020-12-14 19:00:13","2020-12-14 19:00:13"),
("270","27","97","2020-07-27 08:00:00","296","2020-12-14 19:00:13","2020-12-14 19:00:13"),
("271","27","97","2020-08-03 08:00:00","297","2020-12-14 19:00:13","2020-12-14 19:00:13"),
("272","27","97","2020-08-10 08:00:00","295","2020-12-14 19:00:13","2020-12-14 19:00:13"),
("273","27","97","2020-08-17 08:00:00","293","2020-12-14 19:00:13","2020-12-14 19:00:13"),
("274","27","97","2020-08-24 08:00:00","291","2020-12-14 19:00:13","2020-12-14 19:00:13"),
("275","27","97","2020-08-31 08:00:00","292","2020-12-14 19:00:13","2020-12-14 19:00:13"),
("276","27","97","2020-09-07 08:00:00","288","2020-12-14 19:00:13","2020-12-14 19:00:13"),
("277","27","97","2020-09-14 08:00:00","281","2020-12-14 19:00:13","2020-12-14 19:00:13"),
("278","27","97","2020-09-21 08:00:00","282","2020-12-14 19:00:13","2020-12-14 19:00:13"),
("279","27","97","2020-09-28 08:00:00","278","2020-12-14 19:00:13","2020-12-14 19:00:13"),
("280","27","97","2020-10-05 08:00:00","279","2020-12-14 19:00:13","2020-12-14 19:00:13"),
("281","27","97","2020-10-12 08:00:00","278","2020-12-14 19:00:13","2020-12-14 19:00:13"),
("282","27","97","2020-10-19 08:00:00","274","2020-12-14 19:00:13","2020-12-14 19:00:13"),
("283","27","97","2020-10-26 08:00:00","273","2020-12-14 19:00:13","2020-12-14 19:00:13"),
("284","27","97","2020-11-02 08:00:00","273","2020-12-14 19:00:13","2020-12-14 19:00:13"),
("285","27","97","2020-11-09 08:00:00","270","2020-12-14 19:00:13","2020-12-14 19:00:13"),
("286","27","97","2020-11-16 08:00:00","269","2020-12-14 19:00:13","2020-12-14 19:00:13"),
("287","27","97","2020-11-23 08:00:00","271","2020-12-14 19:00:13","2020-12-14 19:00:13"),
("288","27","97","2020-11-30 08:00:00","268","2020-12-14 19:00:13","2020-12-14 19:00:13"),
("289","27","97","2020-12-07 08:00:00","265","2020-12-14 19:00:13","2020-12-14 19:00:13"),
("290","27","97","2020-12-14 08:00:00","275","2020-12-14 19:00:13","2020-12-14 19:00:13"),
("291","20","75","2020-09-18 08:00:00","250","2020-12-14 19:00:13","2020-12-14 19:00:13"),
("292","20","75","2020-09-21 08:00:00","248","2020-12-14 19:00:13","2020-12-14 19:00:13"),
("293","20","75","2020-09-28 08:00:00","251","2020-12-14 19:00:13","2020-12-14 19:00:13"),
("294","20","75","2020-10-05 08:00:00","253","2020-12-14 19:00:13","2020-12-14 19:00:13"),
("295","20","75","2020-10-12 08:00:00","251","2020-12-14 19:00:13","2020-12-14 19:00:13"),
("296","20","75","2020-10-19 08:00:00","252","2020-12-14 19:00:13","2020-12-14 19:00:13"),
("297","20","75","2020-10-26 08:00:00","253","2020-12-14 19:00:13","2020-12-14 19:00:13"),
("298","20","75","2020-11-02 08:00:00","253","2020-12-14 19:00:13","2020-12-14 19:00:13"),
("299","20","75","2020-11-09 08:00:00","251","2020-12-14 19:00:13","2020-12-14 19:00:13"),
("300","20","75","2020-11-16 08:00:00","253","2020-12-14 19:00:13","2020-12-14 19:00:13");
INSERT INTO Patient_Device_Scale VALUES
("301","20","75","2020-11-23 08:00:00","254","2020-12-14 19:00:13","2020-12-14 19:00:13"),
("302","20","75","2020-11-30 08:00:00","257","2020-12-14 19:00:13","2020-12-14 19:00:13"),
("303","20","75","2020-12-07 08:00:00","256","2020-12-14 19:00:13","2020-12-14 19:00:13"),
("304","20","75","2020-12-14 08:00:00","268","2020-12-14 19:00:13","2020-12-14 19:00:13"),
("305","10","93","2020-07-28 08:00:00","160","2020-12-14 19:00:13","2020-12-14 19:00:13"),
("306","10","93","2020-08-03 08:00:00","161","2020-12-14 19:00:13","2020-12-14 19:00:13"),
("307","10","93","2020-08-10 08:00:00","162","2020-12-14 19:00:13","2020-12-14 19:00:13"),
("308","10","93","2020-08-17 08:00:00","163","2020-12-14 19:00:13","2020-12-14 19:00:13"),
("309","10","93","2020-08-24 08:00:00","164","2020-12-14 19:00:13","2020-12-14 19:00:13"),
("310","10","93","2020-08-31 08:00:00","162","2020-12-14 19:00:13","2020-12-14 19:00:13"),
("311","10","93","2020-09-07 08:00:00","162","2020-12-14 19:00:13","2020-12-14 19:00:13"),
("312","10","93","2020-09-14 08:00:00","164","2020-12-14 19:00:13","2020-12-14 19:00:13"),
("313","10","93","2020-09-21 08:00:00","160","2020-12-14 19:00:13","2020-12-14 19:00:13"),
("314","10","93","2020-09-28 08:00:00","162","2020-12-14 19:00:13","2020-12-14 19:00:13"),
("315","10","93","2020-10-05 08:00:00","163","2020-12-14 19:00:13","2020-12-14 19:00:13"),
("316","10","93","2020-10-12 08:00:00","164","2020-12-14 19:00:13","2020-12-14 19:00:13"),
("317","10","93","2020-10-19 08:00:00","163","2020-12-14 19:00:13","2020-12-14 19:00:13"),
("318","10","93","2020-10-26 08:00:00","166","2020-12-14 19:00:13","2020-12-14 19:00:13"),
("319","10","93","2020-11-02 08:00:00","167","2020-12-14 19:00:13","2020-12-14 19:00:13"),
("320","10","93","2020-11-09 08:00:00","170","2020-12-14 19:00:13","2020-12-14 19:00:13"),
("321","10","93","2020-11-16 08:00:00","172","2020-12-14 19:00:13","2020-12-14 19:00:13"),
("322","10","93","2020-11-23 08:00:00","172","2020-12-14 19:00:13","2020-12-14 19:00:13"),
("323","10","93","2020-11-30 08:00:00","170","2020-12-14 19:00:13","2020-12-14 19:00:13"),
("324","10","93","2020-12-07 08:00:00","171","2020-12-14 19:00:13","2020-12-14 19:00:13"),
("325","10","93","2020-12-14 08:00:00","179","2020-12-14 19:00:13","2020-12-14 19:00:13"),
("326","18","79","2020-10-18 08:00:00","167","2020-12-14 19:00:13","2020-12-14 19:00:13"),
("327","18","79","2020-10-19 08:00:00","168","2020-12-14 19:00:13","2020-12-14 19:00:13"),
("328","18","79","2020-10-26 08:00:00","167","2020-12-14 19:00:13","2020-12-14 19:00:13"),
("329","18","79","2020-11-02 08:00:00","167","2020-12-14 19:00:13","2020-12-14 19:00:13"),
("330","18","79","2020-11-09 08:00:00","168","2020-12-14 19:00:13","2020-12-14 19:00:13"),
("331","18","79","2020-11-16 08:00:00","168","2020-12-14 19:00:13","2020-12-14 19:00:13"),
("332","18","79","2020-11-23 08:00:00","167","2020-12-14 19:00:13","2020-12-14 19:00:13"),
("333","18","79","2020-11-30 08:00:00","168","2020-12-14 19:00:13","2020-12-14 19:00:13"),
("334","18","79","2020-12-07 08:00:00","168","2020-12-14 19:00:13","2020-12-14 19:00:13"),
("335","18","79","2020-12-14 08:00:00","173","2020-12-14 19:00:13","2020-12-14 19:00:13"),
("336","7","81","2020-10-18 08:00:00","201","2020-12-14 19:00:13","2020-12-14 19:00:13"),
("337","7","81","2020-10-19 08:00:00","203","2020-12-14 19:00:13","2020-12-14 19:00:13"),
("338","7","81","2020-10-26 08:00:00","201","2020-12-14 19:00:13","2020-12-14 19:00:13"),
("339","7","81","2020-11-02 08:00:00","202","2020-12-14 19:00:13","2020-12-14 19:00:13"),
("340","7","81","2020-11-09 08:00:00","199","2020-12-14 19:00:13","2020-12-14 19:00:13"),
("341","7","81","2020-11-16 08:00:00","201","2020-12-14 19:00:13","2020-12-14 19:00:13"),
("342","7","81","2020-11-23 08:00:00","200","2020-12-14 19:00:13","2020-12-14 19:00:13"),
("343","7","81","2020-11-30 08:00:00","201","2020-12-14 19:00:13","2020-12-14 19:00:13"),
("344","7","81","2020-12-07 08:00:00","201","2020-12-14 19:00:13","2020-12-14 19:00:13"),
("345","7","81","2020-12-14 08:00:00","206","2020-12-14 19:00:13","2020-12-14 19:00:13"),
("346","6","90","2020-11-01 08:00:00","242","2020-12-14 19:00:13","2020-12-14 19:00:13"),
("347","6","90","2020-11-02 08:00:00","243","2020-12-14 19:00:13","2020-12-14 19:00:13"),
("348","6","90","2020-11-09 08:00:00","241","2020-12-14 19:00:13","2020-12-14 19:00:13"),
("349","6","90","2020-11-16 08:00:00","242","2020-12-14 19:00:13","2020-12-14 19:00:13"),
("350","6","90","2020-11-23 08:00:00","244","2020-12-14 19:00:13","2020-12-14 19:00:13"),
("351","6","90","2020-11-30 08:00:00","243","2020-12-14 19:00:13","2020-12-14 19:00:13"),
("352","6","90","2020-12-07 08:00:00","242","2020-12-14 19:00:13","2020-12-14 19:00:13"),
("353","6","90","2020-12-14 08:00:00","247","2020-12-14 19:00:13","2020-12-14 19:00:13"),
("354","13","83","2020-10-18 08:00:00","156","2020-12-14 19:00:13","2020-12-14 19:00:13"),
("355","13","83","2020-10-19 08:00:00","161","2020-12-14 19:00:13","2020-12-14 19:00:13"),
("356","13","83","2020-10-26 08:00:00","163","2020-12-14 19:00:13","2020-12-14 19:00:13"),
("357","13","83","2020-11-02 08:00:00","164","2020-12-14 19:00:13","2020-12-14 19:00:13"),
("358","13","83","2020-11-16 08:00:00","163","2020-12-14 19:00:13","2020-12-14 19:00:13"),
("359","13","83","2020-11-30 08:00:00","161","2020-12-14 19:00:13","2020-12-14 19:00:13"),
("360","9","85","2020-10-18 08:00:00","190","2020-12-14 19:00:13","2020-12-14 19:00:13"),
("361","9","85","2020-10-19 08:00:00","191","2020-12-14 19:00:13","2020-12-14 19:00:13"),
("362","9","85","2020-10-26 08:00:00","189","2020-12-14 19:00:13","2020-12-14 19:00:13"),
("363","9","85","2020-11-02 08:00:00","189","2020-12-14 19:00:13","2020-12-14 19:00:13"),
("364","9","85","2020-11-16 08:00:00","188","2020-12-14 19:00:13","2020-12-14 19:00:13"),
("365","9","85","2020-11-30 08:00:00","190","2020-12-14 19:00:13","2020-12-14 19:00:13"),
("366","9","85","2020-12-07 08:00:00","191","2020-12-14 19:00:13","2020-12-14 19:00:13"),
("367","12","86","2020-10-18 08:00:00","205","2020-12-14 19:00:13","2020-12-14 19:00:13"),
("368","12","86","2020-11-16 08:00:00","206","2020-12-14 19:00:13","2020-12-14 19:00:13"),
("369","12","86","2020-11-30 08:00:00","204","2020-12-14 19:00:13","2020-12-14 19:00:13"),
("370","12","86","2020-12-05 00:00:00","206","2020-12-14 19:00:13","2020-12-14 19:00:13"),
("371","8","87","2020-10-18 08:00:00","230","2020-12-14 19:00:13","2020-12-14 19:00:13"),
("372","8","87","2020-10-19 08:00:00","231","2020-12-14 19:00:13","2020-12-14 19:00:13"),
("373","8","87","2020-10-22 08:00:00","228","2020-12-14 19:00:13","2020-12-14 19:00:13"),
("374","8","87","2020-10-30 08:00:00","226","2020-12-14 19:00:13","2020-12-14 19:00:13"),
("375","8","87","2020-11-01 08:00:00","227","2020-12-14 19:00:13","2020-12-14 19:00:13"),
("376","8","87","2020-11-02 08:00:00","228","2020-12-14 19:00:13","2020-12-14 19:00:13"),
("377","8","87","2020-11-09 08:00:00","228","2020-12-14 19:00:13","2020-12-14 19:00:13"),
("378","8","87","2020-11-16 08:00:00","230","2020-12-14 19:00:13","2020-12-14 19:00:13"),
("379","8","87","2020-11-23 08:00:00","228","2020-12-14 19:00:13","2020-12-14 19:00:13"),
("380","8","87","2020-11-30 08:00:00","229","2020-12-14 19:00:13","2020-12-14 19:00:13");




CREATE TABLE `Patient_Diagnosis` (
  `id` int NOT NULL AUTO_INCREMENT,
  `lumi_patient_id` int NOT NULL,
  `icd10_code` varchar(50) NOT NULL,
  `icd10_name` text NOT NULL,
  `diagnosis_icd10_url` text,
  `diagnosis_date` datetime DEFAULT NULL,
  `created_at` timestamp NOT NULL DEFAULT CURRENT_TIMESTAMP,
  `modified_at` timestamp NOT NULL DEFAULT CURRENT_TIMESTAMP,
  PRIMARY KEY (`id`)
) ENGINE=InnoDB AUTO_INCREMENT=37 DEFAULT CHARSET=utf8mb4 COLLATE=utf8mb4_0900_ai_ci;


INSERT INTO Patient_Diagnosis VALUES
("1","1","I50.22","Chronic systolic (congestive) heart failure","","2018-04-06 00:00:00","2020-12-14 19:00:11","2020-12-14 19:00:11"),
("2","1","E11","Type 2 diabetes mellitus","","2000-02-04 00:00:00","2020-12-14 19:00:11","2020-12-14 19:00:11"),
("3","1","J44.9 ","Chronic obstructive pulmonary disease, unspecified","","2019-01-05 00:00:00","2020-12-14 19:00:11","2020-12-14 19:00:11"),
("4","2","I50.42","Chronic combined systolic (congestive) and diastolic (congestive) heart failure","","2017-02-01 00:00:00","2020-12-14 19:00:11","2020-12-14 19:00:11"),
("5","3","I50.32 ","Chronic diastolic (congestive) heart failure","","2018-06-07 00:00:00","2020-12-14 19:00:11","2020-12-14 19:00:11"),
("6","4","I50.812","Chronic right heart failure","","2016-05-04 00:00:00","2020-12-14 19:00:11","2020-12-14 19:00:11"),
("7","4","J44.9 ","Chronic obstructive pulmonary disease, unspecified","","2018-08-10 00:00:00","2020-12-14 19:00:11","2020-12-14 19:00:11"),
("8","5","I50.22","Chronic systolic (congestive) heart failure","","2017-03-18 00:00:00","2020-12-14 19:00:11","2020-12-14 19:00:11"),
("9","5","E11.22","Type 2 diabetes mellitus with diabetic chronic kidney disease","","2016-10-21 00:00:00","2020-12-14 19:00:11","2020-12-14 19:00:11"),
("10","6","I50.42","Chronic combined systolic (congestive) and diastolic (congestive) heart failure","","2018-07-24 00:00:00","2020-12-14 19:00:11","2020-12-14 19:00:11"),
("11","7","I50.32 ","Chronic diastolic (congestive) heart failure","","2017-08-05 00:00:00","2020-12-14 19:00:11","2020-12-14 19:00:11"),
("12","8","I50.812","Chronic right heart failure","","2018-05-29 00:00:00","2020-12-14 19:00:11","2020-12-14 19:00:11"),
("13","9","I50.9 ","Heart failure, unspecified","","2015-09-25 00:00:00","2020-12-14 19:00:11","2020-12-14 19:00:11"),
("14","10","I50.43 "," Acute on chronic combined systolic (congestive) and diastolic (congestive) heart failure","","2020-11-01 00:00:00","2020-12-14 19:00:11","2020-12-14 19:00:11"),
("15","11","I11.0","Hypertensive heart disease with heart failure","","2017-05-29 00:00:00","2020-12-14 19:00:11","2020-12-14 19:00:11"),
("16","11","E11","Type 2 diabetes mellitus","","2014-11-05 00:00:00","2020-12-14 19:00:11","2020-12-14 19:00:11"),
("17","12","I50.812","Chronic right heart failure","","2018-05-23 00:00:00","2020-12-14 19:00:11","2020-12-14 19:00:11"),
("18","13","I50.22","Chronic systolic (congestive) heart failure","","2019-05-01 00:00:00","2020-12-14 19:00:11","2020-12-14 19:00:11"),
("19","14","I50.42","Chronic combined systolic (congestive) and diastolic (congestive) heart failure","","2018-07-31 00:00:00","2020-12-14 19:00:11","2020-12-14 19:00:11"),
("20","15","I50.42","Chronic combined systolic (congestive) and diastolic (congestive) heart failure","","2019-08-19 00:00:00","2020-12-14 19:00:11","2020-12-14 19:00:11"),
("21","15","J13","Pneumonia due to Streptococcus pneumoniae","","2020-11-15 00:00:00","2020-12-14 19:00:11","2020-12-14 19:00:11"),
("22","16","I50.32 ","Chronic diastolic (congestive) heart failure","","2015-03-17 00:00:00","2020-12-14 19:00:11","2020-12-14 19:00:11"),
("23","17","I50.812","Chronic right heart failure","","2018-05-17 00:00:00","2020-12-14 19:00:11","2020-12-14 19:00:11"),
("24","18","I50.811","Acute right heart failure","","2020-11-18 00:00:00","2020-12-14 19:00:11","2020-12-14 19:00:11"),
("25","18","E11","Type 2 diabetes mellitus","","2012-01-19 00:00:00","2020-12-14 19:00:11","2020-12-14 19:00:11"),
("26","19","I50.812","Chronic right heart failure","","2018-12-06 00:00:00","2020-12-14 19:00:11","2020-12-14 19:00:11"),
("27","20","I50.32 ","Chronic diastolic (congestive) heart failure","","2018-06-26 00:00:00","2020-12-14 19:00:11","2020-12-14 19:00:11"),
("28","21","I50.812","Chronic right heart failure","","2017-11-08 00:00:00","2020-12-14 19:00:11","2020-12-14 19:00:11"),
("29","22","I50.1 "," Left ventricular failure, unspecified ","","2018-11-08 00:00:00","2020-12-14 19:00:11","2020-12-14 19:00:11"),
("30","23","I50.22 "," Chronic systolic (congestive) heart failure","","2019-09-01 00:00:00","2020-12-14 19:00:11","2020-12-14 19:00:11"),
("31","23","E11.65","Type 2 diabetes mellitus with hyperglycemia","","2000-02-22 00:00:00","2020-12-14 19:00:11","2020-12-14 19:00:11"),
("32","23","J44.9 ","Chronic obstructive pulmonary disease, unspecified","","2020-07-08 00:00:00","2020-12-14 19:00:11","2020-12-14 19:00:11"),
("33","24","I50.30 ","Unspecified diastolic (congestive) heart failure","","2018-12-26 00:00:00","2020-12-14 19:00:11","2020-12-14 19:00:11"),
("34","25","I50.814","Right heart failure due to left heart failure","","2018-08-24 00:00:00","2020-12-14 19:00:11","2020-12-14 19:00:11"),
("35","26","I50.810","Right heart failure, unspecified","","2017-11-08 00:00:00","2020-12-14 19:00:11","2020-12-14 19:00:11"),
("36","27","I50.31 ","Acute diastolic (congestive) heart failure","","2020-11-05 00:00:00","2020-12-14 19:00:11","2020-12-14 19:00:11");




CREATE TABLE `Patient_Medication` (
  `id` int NOT NULL AUTO_INCREMENT,
  `lumi_patient_id` int NOT NULL,
  `ndc_code` varchar(50) DEFAULT NULL,
  `generic_name` varchar(50) NOT NULL,
  `rx_norm` int NOT NULL,
  `dosage` varchar(50) DEFAULT NULL,
  `category` varchar(50) NOT NULL,
  `start_date` datetime DEFAULT NULL,
  `end_date` datetime DEFAULT NULL,
  `current_taking` tinyint(1) NOT NULL,
  `created_at` timestamp NOT NULL DEFAULT CURRENT_TIMESTAMP,
  `modified_at` timestamp NOT NULL DEFAULT CURRENT_TIMESTAMP,
  PRIMARY KEY (`id`)
) ENGINE=InnoDB AUTO_INCREMENT=45 DEFAULT CHARSET=utf8mb4 COLLATE=utf8mb4_0900_ai_ci;


INSERT INTO Patient_Medication VALUES
("1","1","","Losartan","1942332","10","ARB","2018-04-06 00:00:00","","1","2020-12-14 19:00:11","2020-12-14 19:00:11"),
("2","1","","Carvedilol","315576","10","Beta Blocker","2018-04-06 00:00:00","","1","2020-12-14 19:00:11","2020-12-14 19:00:11"),
("3","1","","Empagliflozin","1545655","10","SGLT2","2000-02-04 00:00:00","","1","2020-12-14 19:00:11","2020-12-14 19:00:11"),
("4","1","","Arformoterol","304962","10","Bronchodilator","2019-01-05 00:00:00","","1","2020-12-14 19:00:11","2020-12-14 19:00:11"),
("5","2","","Fosinopril","367691","10","ACE","2017-02-01 00:00:00","","1","2020-12-14 19:00:11","2020-12-14 19:00:11"),
("6","2","","Ivabradine","1649495","10","Channel Blocker","2018-10-12 00:00:00","","1","2020-12-14 19:00:11","2020-12-14 19:00:11"),
("7","3","","Ramipril","35296","10","ACE","2018-06-07 00:00:00","","1","2020-12-14 19:00:11","2020-12-14 19:00:11"),
("8","4","","Captopril","315562","10","ACE","2016-05-04 00:00:00","","1","2020-12-14 19:00:11","2020-12-14 19:00:11"),
("9","4","","Furosemide","368487","10","Diuretic","2018-10-02 00:00:00","","1","2020-12-14 19:00:11","2020-12-14 19:00:11"),
("10","4","","Arformoterol","304962","10","Bronchodilator","2018-08-10 00:00:00","","1","2020-12-14 19:00:11","2020-12-14 19:00:11"),
("11","5","","Enalapril","203123","10","ACE","2017-03-18 00:00:00","","1","2020-12-14 19:00:11","2020-12-14 19:00:11"),
("12","5","","Empagliflozin","1545655","10","SGLT2","2016-10-21 00:00:00","","1","2020-12-14 19:00:11","2020-12-14 19:00:11"),
("13","6","","Valsartan","69749","10","ARB","2018-07-24 00:00:00","","1","2020-12-14 19:00:11","2020-12-14 19:00:11"),
("14","6","","Bumetanide","315499","10","Diuretic","2018-09-16 00:00:00","","1","2020-12-14 19:00:11","2020-12-14 19:00:11"),
("15","7","","Losartan","1942332","10","ARB","2017-08-05 00:00:00","","1","2020-12-14 19:00:11","2020-12-14 19:00:11"),
("16","8","","Valsartan","69749","10","ARB","2018-05-29 00:00:00","","1","2020-12-14 19:00:11","2020-12-14 19:00:11"),
("17","9","","Enalapril","203123","10","ACE","2015-09-25 00:00:00","","1","2020-12-14 19:00:11","2020-12-14 19:00:11"),
("18","10","","Bumetanide","315499","10","Diuretic","2020-11-01 00:00:00","","1","2020-12-14 19:00:11","2020-12-14 19:00:11"),
("19","10","","Losartan","1942332","10","ARB","2019-06-02 00:00:00","","1","2020-12-14 19:00:11","2020-12-14 19:00:11"),
("20","11","","Carvedilol","315576","10","Beta Blocker","2017-05-29 00:00:00","","1","2020-12-14 19:00:11","2020-12-14 19:00:11"),
("21","11","","Empagliflozin","1545655","10","SGLT2","2014-11-05 00:00:00","","1","2020-12-14 19:00:11","2020-12-14 19:00:11"),
("22","12","","Losartan","1942332","10","ARB","2018-05-23 00:00:00","","1","2020-12-14 19:00:11","2020-12-14 19:00:11"),
("23","13","","Valsartan","69749","10","ARB","2019-05-01 00:00:00","","1","2020-12-14 19:00:11","2020-12-14 19:00:11"),
("24","14","","Quinapril","35208","10","ACE","2018-07-31 00:00:00","","1","2020-12-14 19:00:11","2020-12-14 19:00:11"),
("25","14","","Losartan","1942332","10","ARB","2018-11-18 00:00:00","","1","2020-12-14 19:00:11","2020-12-14 19:00:11"),
("26","15","","Quinapril","35208","10","ACE","2019-08-19 00:00:00","","1","2020-12-14 19:00:11","2020-12-14 19:00:11"),
("27","15","","Losartan","1942332","10","ARB","2020-11-15 00:00:00","","1","2020-12-14 19:00:11","2020-12-14 19:00:11"),
("28","16","","Eplerenone","351257","10","Aldosterone Antagonist","2015-03-17 00:00:00","","1","2020-12-14 19:00:11","2020-12-14 19:00:11"),
("29","17","","Valsartan","69749","10","ARB","2018-05-17 00:00:00","","1","2020-12-14 19:00:11","2020-12-14 19:00:11"),
("30","18","","Bumetanide","315499","10","Diuretic","2020-11-18 00:00:00","","1","2020-12-14 19:00:11","2020-12-14 19:00:11"),
("31","18","","Empagliflozin","1545655","10","SGLT2","2012-01-19 00:00:00","","1","2020-12-14 19:00:11","2020-12-14 19:00:11"),
("32","19","","Valsartan","69749","10","ARB","2018-12-06 00:00:00","","1","2020-12-14 19:00:11","2020-12-14 19:00:11"),
("33","20","","Valsartan","69749","10","ARB","2018-06-26 00:00:00","","1","2020-12-14 19:00:11","2020-12-14 19:00:11"),
("34","21","","Valsartan","69749","10","ARB","2017-11-08 00:00:00","","1","2020-12-14 19:00:11","2020-12-14 19:00:11"),
("35","22","","Losartan","1942332","10","ARB","2018-11-08 00:00:00","","1","2020-12-14 19:00:11","2020-12-14 19:00:11"),
("36","23","","Valsartan","69749","10","ARB","2019-09-01 00:00:00","","1","2020-12-14 19:00:11","2020-12-14 19:00:11"),
("37","23","","Empagliflozin","1545655","10","SGLT2","2000-02-22 00:00:00","","1","2020-12-14 19:00:11","2020-12-14 19:00:11"),
("38","23","","Arformoterol","304962","10","Bronchodilator","2020-07-08 00:00:00","","1","2020-12-14 19:00:11","2020-12-14 19:00:11"),
("39","24","","Losartan","1942332","10","ARB","2018-12-26 00:00:00","","1","2020-12-14 19:00:11","2020-12-14 19:00:11"),
("40","25","","Valsartan","69749","10","ARB","2018-08-24 00:00:00","","1","2020-12-14 19:00:11","2020-12-14 19:00:11"),
("41","26","","Fosinopril","367691","10","ACE","2017-11-08 00:00:00","","1","2020-12-14 19:00:11","2020-12-14 19:00:11"),
("42","27","","Valsartan","69749","10","ARB","2020-11-05 00:00:00","","1","2020-12-14 19:00:11","2020-12-14 19:00:11"),
("43","27","","Fosinopril","367691","10","ACE","2020-11-05 00:00:00","","1","2020-12-14 19:00:11","2020-12-14 19:00:11"),
("44","27","","Furosemide","368487","10","Diuretic","2020-11-05 00:00:00","","1","2020-12-14 19:00:11","2020-12-14 19:00:11");




CREATE TABLE `Patient_Target_Results` (
  `id` int NOT NULL AUTO_INCREMENT,
  `lumi_patient_id` int NOT NULL,
  `bp_device_id` int DEFAULT NULL,
  `scale_device_id` int DEFAULT NULL,
  `reading_datetime` datetime NOT NULL,
  `met_weight_target` tinyint(1) DEFAULT NULL,
  `met_bmi_target` tinyint(1) DEFAULT NULL,
  `met_diastolic_target` tinyint(1) DEFAULT NULL,
  `met_systolic_target` tinyint(1) DEFAULT NULL,
  `met_daily_target` tinyint(1) DEFAULT NULL,
  `created_at` timestamp NOT NULL DEFAULT CURRENT_TIMESTAMP,
  `modified_at` timestamp NOT NULL DEFAULT CURRENT_TIMESTAMP,
  PRIMARY KEY (`id`)
) ENGINE=InnoDB AUTO_INCREMENT=71 DEFAULT CHARSET=utf8mb4 COLLATE=utf8mb4_0900_ai_ci;


INSERT INTO Patient_Target_Results VALUES
("1","2","3","73","2020-12-14 00:00:00","0","","0","0","0","2020-12-14 19:00:14","2020-12-14 19:00:14"),
("2","25","12","80","2020-12-14 00:00:00","0","","0","0","0","2020-12-14 19:00:14","2020-12-14 19:00:14"),
("3","24","26","84","2020-12-14 00:00:00","1","","1","1","1","2020-12-14 19:00:14","2020-12-14 19:00:14"),
("4","3","4","74","2020-12-14 00:00:00","0","","0","0","0","2020-12-14 19:00:14","2020-12-14 19:00:14"),
("5","22","2","72","2020-12-14 00:00:00","1","","1","1","1","2020-12-14 19:00:14","2020-12-14 19:00:14"),
("6","21","8","76","2020-12-14 00:00:00","1","","1","1","1","2020-12-14 19:00:14","2020-12-14 19:00:14"),
("7","15","9","77","2020-12-14 00:00:00","1","","1","1","1","2020-12-14 19:00:14","2020-12-14 19:00:14"),
("8","4","10","78","2020-12-14 00:00:00","1","","1","1","1","2020-12-14 19:00:14","2020-12-14 19:00:14"),
("9","18","11","79","2020-12-14 00:00:00","1","","1","1","1","2020-12-14 19:00:14","2020-12-14 19:00:14"),
("10","7","13","81","2020-12-14 00:00:00","1","","1","1","1","2020-12-14 19:00:14","2020-12-14 19:00:14"),
("11","1","16","82","2020-12-14 00:00:00","0","","0","0","0","2020-12-14 19:00:14","2020-12-14 19:00:14"),
("12","13","24","83","2020-12-14 00:00:00","1","","1","1","1","2020-12-14 19:00:14","2020-12-14 19:00:14"),
("13","9","32","85","2020-12-14 00:00:00","1","","1","1","1","2020-12-14 19:00:14","2020-12-14 19:00:14"),
("14","12","34","86","2020-12-14 00:00:00","1","","1","1","1","2020-12-14 19:00:14","2020-12-14 19:00:14"),
("15","8","37","87","2020-12-14 00:00:00","1","","1","1","1","2020-12-14 19:00:14","2020-12-14 19:00:14"),
("16","19","38","88","2020-12-14 00:00:00","1","","1","1","1","2020-12-14 19:00:14","2020-12-14 19:00:14"),
("17","11","39","89","2020-12-14 00:00:00","1","","1","1","1","2020-12-14 19:00:14","2020-12-14 19:00:14"),
("18","6","40","90","2020-12-14 00:00:00","1","","1","1","1","2020-12-14 19:00:14","2020-12-14 19:00:14"),
("19","16","41","91","2020-12-14 00:00:00","","","","","0","2020-12-14 19:00:14","2020-12-14 19:00:14"),
("20","17","43","92","2020-12-14 00:00:00","","","","","0","2020-12-14 19:00:14","2020-12-14 19:00:14"),
("21","23","1","71","2020-12-14 00:00:00","","","","","0","2020-12-14 19:00:14","2020-12-14 19:00:14"),
("22","14","51","94","2020-12-14 00:00:00","","","","","0","2020-12-14 19:00:14","2020-12-14 19:00:14"),
("23","5","52","95","2020-12-14 00:00:00","1","","1","1","1","2020-12-14 19:00:14","2020-12-14 19:00:14"),
("24","27","64","97","2020-12-14 00:00:00","1","","1","1","1","2020-12-14 19:00:14","2020-12-14 19:00:14"),
("25","20","5","75","2020-12-14 00:00:00","1","","1","1","1","2020-12-14 19:00:14","2020-12-14 19:00:14"),
("26","10","49","93","2020-12-14 00:00:00","1","","1","1","1","2020-12-14 19:00:14","2020-12-14 19:00:14"),
("27","26","59","96","2020-12-14 00:00:00","","","","","0","2020-12-14 19:00:14","2020-12-14 19:00:14"),
("28","28","21","","2020-12-14 00:00:00","1","","1","1","1","2020-12-14 19:00:14","2020-12-14 19:00:14"),
("29","29","47","","2020-12-14 00:00:00","1","","1","1","1","2020-12-14 19:00:14","2020-12-14 19:00:14"),
("30","30","65","","2020-12-14 00:00:00","1","","1","1","1","2020-12-14 19:00:14","2020-12-14 19:00:14"),
("31","31","48","","2020-12-14 00:00:00","1","","1","1","1","2020-12-14 19:00:14","2020-12-14 19:00:14"),
("32","32","23","","2020-12-14 00:00:00","1","","1","1","1","2020-12-14 19:00:14","2020-12-14 19:00:14"),
("33","33","22","","2020-12-14 00:00:00","1","","1","1","1","2020-12-14 19:00:14","2020-12-14 19:00:14"),
("34","34","56","","2020-12-14 00:00:00","1","","1","1","1","2020-12-14 19:00:14","2020-12-14 19:00:14"),
("35","35","15","","2020-12-14 00:00:00","1","","1","1","1","2020-12-14 19:00:14","2020-12-14 19:00:14"),
("36","36","7","","2020-12-14 00:00:00","1","","1","1","1","2020-12-14 19:00:14","2020-12-14 19:00:14"),
("37","37","62","","2020-12-14 00:00:00","1","","1","1","1","2020-12-14 19:00:14","2020-12-14 19:00:14"),
("38","38","67","","2020-12-14 00:00:00","1","","1","1","1","2020-12-14 19:00:14","2020-12-14 19:00:14"),
("39","39","46","","2020-12-14 00:00:00","1","","1","1","1","2020-12-14 19:00:14","2020-12-14 19:00:14"),
("40","40","14","","2020-12-14 00:00:00","1","","1","1","1","2020-12-14 19:00:14","2020-12-14 19:00:14"),
("41","41","50","","2020-12-14 00:00:00","1","","1","1","1","2020-12-14 19:00:14","2020-12-14 19:00:14"),
("42","42","58","","2020-12-14 00:00:00","1","","1","1","1","2020-12-14 19:00:14","2020-12-14 19:00:14"),
("43","43","70","","2020-12-14 00:00:00","1","","1","1","1","2020-12-14 19:00:14","2020-12-14 19:00:14"),
("44","44","66","","2020-12-14 00:00:00","1","","1","1","1","2020-12-14 19:00:14","2020-12-14 19:00:14"),
("45","45","60","","2020-12-14 00:00:00","1","","1","1","1","2020-12-14 19:00:14","2020-12-14 19:00:14"),
("46","46","69","","2020-12-14 00:00:00","1","","1","1","1","2020-12-14 19:00:14","2020-12-14 19:00:14"),
("47","47","28","","2020-12-14 00:00:00","1","","1","1","1","2020-12-14 19:00:14","2020-12-14 19:00:14"),
("48","48","61","","2020-12-14 00:00:00","1","","1","1","1","2020-12-14 19:00:14","2020-12-14 19:00:14"),
("49","49","57","","2020-12-14 00:00:00","1","","1","1","1","2020-12-14 19:00:14","2020-12-14 19:00:14"),
("50","50","20","","2020-12-14 00:00:00","1","","1","1","1","2020-12-14 19:00:14","2020-12-14 19:00:14"),
("51","51","63","","2020-12-14 00:00:00","1","","1","1","1","2020-12-14 19:00:14","2020-12-14 19:00:14"),
("52","52","33","","2020-12-14 00:00:00","1","","1","1","1","2020-12-14 19:00:14","2020-12-14 19:00:14"),
("53","53","17","","2020-12-14 00:00:00","1","","1","1","1","2020-12-14 19:00:14","2020-12-14 19:00:14"),
("54","54","19","","2020-12-14 00:00:00","1","","1","1","1","2020-12-14 19:00:14","2020-12-14 19:00:14"),
("55","55","31","","2020-12-14 00:00:00","1","","1","1","1","2020-12-14 19:00:14","2020-12-14 19:00:14"),
("56","56","36","","2020-12-14 00:00:00","1","","1","1","1","2020-12-14 19:00:14","2020-12-14 19:00:14"),
("57","57","68","","2020-12-14 00:00:00","1","","1","1","1","2020-12-14 19:00:14","2020-12-14 19:00:14"),
("58","58","35","","2020-12-14 00:00:00","1","","1","1","1","2020-12-14 19:00:14","2020-12-14 19:00:14"),
("59","59","44","","2020-12-14 00:00:00","1","","1","1","1","2020-12-14 19:00:14","2020-12-14 19:00:14"),
("60","60","30","","2020-12-14 00:00:00","1","","1","1","1","2020-12-14 19:00:14","2020-12-14 19:00:14"),
("61","61","45","","2020-12-14 00:00:00","1","","1","1","1","2020-12-14 19:00:14","2020-12-14 19:00:14"),
("62","62","53","","2020-12-14 00:00:00","1","","1","1","1","2020-12-14 19:00:14","2020-12-14 19:00:14"),
("63","63","18","","2020-12-14 00:00:00","1","","1","1","1","2020-12-14 19:00:14","2020-12-14 19:00:14"),
("64","64","25","","2020-12-14 00:00:00","1","","1","1","1","2020-12-14 19:00:14","2020-12-14 19:00:14"),
("65","65","6","","2020-12-14 00:00:00","1","","1","1","1","2020-12-14 19:00:14","2020-12-14 19:00:14"),
("66","66","27","","2020-12-14 00:00:00","1","","1","1","1","2020-12-14 19:00:14","2020-12-14 19:00:14"),
("67","67","54","","2020-12-14 00:00:00","1","","1","1","1","2020-12-14 19:00:14","2020-12-14 19:00:14"),
("68","68","55","","2020-12-14 00:00:00","1","","1","1","1","2020-12-14 19:00:14","2020-12-14 19:00:14"),
("69","69","42","","2020-12-14 00:00:00","1","","1","1","1","2020-12-14 19:00:14","2020-12-14 19:00:14"),
("70","70","29","","2020-12-14 00:00:00","1","","1","1","1","2020-12-14 19:00:14","2020-12-14 19:00:14");


